global_step,phase,run,epoch,loss,lr
50,pretrain,ep-1,,0.883904,1.0899999999999996e-05
100,pretrain,ep-1,,0.783975,2.079999999999999e-05
150,pretrain,ep-1,,0.650107,3.069999999999999e-05
200,pretrain,ep-1,,0.542966,4.059999999999996e-05
250,pretrain,ep-1,,0.473131,5.049999999999994e-05
300,pretrain,ep-1,,0.426263,6.0399999999999943e-05
350,pretrain,ep-1,,0.392984,7.029999999999989e-05
400,pretrain,ep-1,,0.368124,8.019999999999978e-05
450,pretrain,ep-1,,0.347701,9.009999999999978e-05
500,pretrain,ep-1,,0.331153,0.0001
550,pretrain,ep-1,,0.317571,9.99999668930302e-05
600,pretrain,ep-1,,0.306554,9.999986757216507e-05
650,pretrain,ep-1,,0.296965,9.999970203753739e-05
700,pretrain,ep-1,,0.288451,9.999947028936866e-05
750,pretrain,ep-1,,0.281143,9.999917232796879e-05
800,pretrain,ep-1,,0.274514,9.999880815373642e-05
850,pretrain,ep-1,,0.268769,9.999837776715873e-05
900,pretrain,ep-1,,0.263373,9.999788116881136e-05
950,pretrain,ep-1,,0.258531,9.999731835935866e-05
1000,pretrain,ep-1,,0.254102,9.999668933955338e-05
1050,pretrain,ep-1,,0.250517,9.999599411023697e-05
1100,pretrain,ep-1,,0.246947,9.999523267233933e-05
1150,pretrain,ep-1,,0.243555,9.999440502687919e-05
1200,pretrain,ep-1,,0.240532,9.999351117496351e-05
1250,pretrain,ep-1,,0.237684,9.999255111778794e-05
1300,pretrain,ep-1,,0.235137,9.999152485663679e-05
1350,pretrain,ep-1,,0.232465,9.999043239288282e-05
1400,pretrain,ep-1,,0.230354,9.99892737279873e-05
1450,pretrain,ep-1,,0.228131,9.99880488635003e-05
1500,pretrain,ep-1,,0.226382,9.998675780106013e-05
1550,pretrain,ep-1,,0.224626,9.998540054239371e-05
1600,pretrain,ep-1,,0.222822,9.998397708931681e-05
1650,pretrain,ep-1,,0.220956,9.998248744373328e-05
1700,pretrain,ep-1,,0.21944,9.998093160763586e-05
1750,pretrain,ep-1,,0.217937,9.997930958310579e-05
1800,pretrain,ep-1,,0.216498,9.997762137231272e-05
1850,pretrain,ep-1,,0.215,9.997586697751489e-05
1900,pretrain,ep-1,,0.213711,9.997404640105906e-05
1950,pretrain,ep-1,,0.212454,9.997215964538053e-05
2000,pretrain,ep-1,,0.211381,9.99702067130032e-05
2050,pretrain,ep-1,,0.210322,9.996818760653938e-05
2100,pretrain,ep-1,,0.209164,9.996610232868984e-05
2150,pretrain,ep-1,,0.208319,9.996395088224411e-05
2200,pretrain,ep-1,,0.207321,9.996173327008002e-05
2250,pretrain,ep-1,,0.206424,9.99594494951639e-05
2300,pretrain,ep-1,,0.205593,9.995709956055082e-05
2350,pretrain,ep-1,,0.20457,9.995468346938407e-05
2400,pretrain,ep-1,,0.203696,9.995220122489559e-05
2450,pretrain,ep-1,,0.202898,9.994965283040569e-05
2500,pretrain,ep-1,,0.20224,9.994703828932329e-05
2550,pretrain,ep-1,,0.201516,9.994435760514582e-05
2600,pretrain,ep-1,,0.200908,9.994161078145902e-05
2650,pretrain,ep-1,,0.200236,9.993879782193721e-05
2700,pretrain,ep-1,,0.199578,9.993591873034318e-05
2750,pretrain,ep-1,,0.198843,9.993297351052819e-05
2800,pretrain,ep-1,,0.198237,9.992996216643183e-05
2850,pretrain,ep-1,,0.19759,9.992688470208236e-05
2900,pretrain,ep-1,,0.196969,9.992374112159632e-05
2950,pretrain,ep-1,,0.196324,9.992053142917877e-05
3000,pretrain,ep-1,,0.195731,9.991725562912303e-05
3050,pretrain,ep-1,,0.195232,9.99139137258111e-05
3100,pretrain,ep-1,,0.194623,9.991050572371327e-05
3150,pretrain,ep-1,,0.194138,9.990703162738832e-05
3200,pretrain,ep-1,,0.193573,9.990349144148337e-05
3250,pretrain,ep-1,,0.193159,9.98998851707339e-05
3300,pretrain,ep-1,,0.192756,9.989621281996398e-05
3350,pretrain,ep-1,,0.192329,9.989247439408592e-05
3400,pretrain,ep-1,,0.191835,9.988866989810032e-05
3450,pretrain,ep-1,,0.191384,9.988479933709644e-05
3500,pretrain,ep-1,,0.190944,9.988086271625168e-05
3550,pretrain,ep-1,,0.190596,9.987686004083189e-05
3600,pretrain,ep-1,,0.190226,9.987279131619133e-05
3650,pretrain,ep-1,,0.189857,9.986865654777239e-05
3700,pretrain,ep-1,,0.189487,9.986445574110615e-05
3750,pretrain,ep-1,,0.189112,9.986018890181174e-05
3800,pretrain,ep-1,,0.18872,9.985585603559676e-05
3850,pretrain,ep-1,,0.188343,9.985145714825702e-05
3900,pretrain,ep-1,,0.187969,9.984699224567677e-05
3950,pretrain,ep-1,,0.187563,9.984246133382858e-05
4000,pretrain,ep-1,,0.187238,9.983786441877326e-05
4050,pretrain,ep-1,,0.18695,9.983320150665964e-05
4100,pretrain,ep-1,,0.186656,9.982847260372545e-05
4150,pretrain,ep-1,,0.186319,9.982367771629602e-05
4200,pretrain,ep-1,,0.186015,9.981881685078535e-05
4250,pretrain,ep-1,,0.185693,9.981389001369566e-05
4300,pretrain,ep-1,,0.185366,9.980889721161744e-05
4350,pretrain,ep-1,,0.18505,9.98038384512292e-05
4400,pretrain,ep-1,,0.184797,9.979871373929775e-05
4450,pretrain,ep-1,,0.184556,9.979352308267827e-05
4500,pretrain,ep-1,,0.184268,9.978826648831412e-05
4550,pretrain,ep-1,,0.183965,9.978294396323684e-05
4600,pretrain,ep-1,,0.183703,9.977755551456606e-05
4650,pretrain,ep-1,,0.183453,9.977210114950973e-05
4700,pretrain,ep-1,,0.183175,9.976658087536381e-05
4750,pretrain,ep-1,,0.182919,9.976099469951258e-05
4800,pretrain,ep-1,,0.182598,9.975534262942843e-05
4850,pretrain,ep-1,,0.182408,9.974962467267186e-05
4900,pretrain,ep-1,,0.182208,9.974384083689157e-05
4950,pretrain,ep-1,,0.18202,9.973799112982436e-05
5000,pretrain,ep-1,,0.181785,9.9732075559295e-05
5050,pretrain,ep-1,,0.181553,9.972609413321652e-05
5100,pretrain,ep-1,,0.181322,9.972004685959008e-05
5150,pretrain,ep-1,,0.181031,9.971393374650484e-05
5200,pretrain,ep-1,,0.18077,9.970775480213799e-05
5250,pretrain,ep-1,,0.18058,9.970151003475481e-05
5300,pretrain,ep-1,,0.180372,9.969519945270864e-05
5350,pretrain,ep-1,,0.180181,9.968882306444101e-05
5400,pretrain,ep-1,,0.179998,9.968238087848115e-05
5450,pretrain,ep-1,,0.179768,9.967587290344654e-05
5500,pretrain,ep-1,,0.17961,9.96692991480426e-05
5550,pretrain,ep-1,,0.179396,9.966265962106282e-05
5600,pretrain,ep-1,,0.179186,9.96559543313886e-05
5650,pretrain,ep-1,,0.178965,9.964918328798926e-05
5700,pretrain,ep-1,,0.178774,9.964234649992208e-05
5750,pretrain,ep-1,,0.178591,9.963544397633236e-05
5800,pretrain,ep-1,,0.178393,9.962847572645334e-05
5850,pretrain,ep-1,,0.178258,9.962144175960614e-05
5900,pretrain,ep-1,,0.178136,9.961434208519966e-05
5950,pretrain,ep-1,,0.177966,9.960717671273086e-05
6000,pretrain,ep-1,,0.177821,9.95999456517846e-05
6050,pretrain,ep-1,,0.177634,9.959264891203358e-05
6100,pretrain,ep-1,,0.177503,9.95852865032383e-05
6150,pretrain,ep-1,,0.177321,9.957785843524712e-05
6200,pretrain,ep-1,,0.177173,9.957036471799613e-05
6250,pretrain,ep-1,,0.177018,9.956280536150944e-05
6300,pretrain,ep-1,,0.176885,9.955518037589886e-05
6350,pretrain,ep-1,,0.176731,9.954748977136401e-05
6400,pretrain,ep-1,,0.176595,9.95397335581922e-05
6450,pretrain,ep-1,,0.176432,9.953191174675864e-05
6500,pretrain,ep-1,,0.176249,9.952402434752614e-05
6550,pretrain,ep-1,,0.176139,9.951607137104536e-05
6600,pretrain,ep-1,,0.176031,9.950805282795467e-05
6650,pretrain,ep-1,,0.175845,9.94999687289801e-05
6700,pretrain,ep-1,,0.175712,9.949181908493539e-05
6750,pretrain,ep-1,,0.175592,9.948360390672193e-05
6800,pretrain,ep-1,,0.175463,9.947532320532883e-05
6850,pretrain,ep-1,,0.175298,9.946697699183272e-05
6900,pretrain,ep-1,,0.17518,9.945856527739806e-05
6950,pretrain,ep-1,,0.17507,9.945008807327687e-05
7000,pretrain,ep-1,,0.174944,9.944154539080866e-05
7050,pretrain,ep-1,,0.174795,9.943293724142063e-05
7100,pretrain,ep-1,,0.174673,9.942426363662737e-05
7150,pretrain,ep-1,,0.174556,9.941552458803132e-05
7200,pretrain,ep-1,,0.174458,9.940672010732233e-05
7250,pretrain,ep-1,,0.174364,9.939785020627767e-05
7300,pretrain,ep-1,,0.174226,9.938891489676224e-05
7350,pretrain,ep-1,,0.174101,9.937991419072839e-05
7400,pretrain,ep-1,,0.173994,9.937084810021602e-05
7450,pretrain,ep-1,,0.173894,9.936171663735239e-05
7500,pretrain,ep-1,,0.173779,9.935251981435224e-05
7550,pretrain,ep-1,,0.173694,9.934325764351782e-05
7600,pretrain,ep-1,,0.173603,9.933393013723864e-05
7650,pretrain,ep-1,,0.173485,9.932453730799175e-05
7700,pretrain,ep-1,,0.173397,9.931507916834153e-05
7750,pretrain,ep-1,,0.173305,9.93055557309396e-05
7800,pretrain,ep-1,,0.17319,9.929596700852518e-05
7850,pretrain,ep-1,,0.17308,9.92863130139246e-05
7900,pretrain,ep-1,,0.172989,9.927659376005153e-05
7950,pretrain,ep-1,,0.1729,9.92668092599071e-05
8000,pretrain,ep-1,,0.172799,9.925695952657943e-05
8050,pretrain,ep-1,,0.17271,9.924704457324425e-05
8100,pretrain,ep-1,,0.172611,9.923706441316423e-05
8150,pretrain,ep-1,,0.1725,9.922701905968945e-05
8200,pretrain,ep-1,,0.172398,9.921690852625715e-05
8250,pretrain,ep-1,,0.172322,9.92067328263917e-05
8300,pretrain,ep-1,,0.172246,9.919649197370466e-05
8350,pretrain,ep-1,,0.172176,9.918618598189477e-05
8400,pretrain,ep-1,,0.172087,9.917581486474786e-05
8450,pretrain,ep-1,,0.171992,9.916537863613703e-05
8500,pretrain,ep-1,,0.171885,9.915487731002224e-05
8550,pretrain,ep-1,,0.171806,9.914431090045065e-05
8600,pretrain,ep-1,,0.171702,9.913367942155652e-05
8650,pretrain,ep-1,,0.171611,9.912298288756109e-05
8700,pretrain,ep-1,,0.171512,9.911222131277268e-05
8750,pretrain,ep-1,,0.171424,9.91013947115865e-05
8800,pretrain,ep-1,,0.17133,9.909050309848488e-05
8850,pretrain,ep-1,,0.171233,9.907954648803698e-05
8900,pretrain,ep-1,,0.171149,9.906852489489898e-05
8950,pretrain,ep-1,,0.171048,9.905743833381405e-05
9000,pretrain,ep-1,,0.170993,9.904628681961207e-05
9050,pretrain,ep-1,,0.17093,9.903507036720995e-05
9100,pretrain,ep-1,,0.170879,9.902378899161143e-05
9150,pretrain,ep-1,,0.17078,9.901244270790719e-05
9200,pretrain,ep-1,,0.170741,9.900103153127463e-05
9250,pretrain,ep-1,,0.170671,9.89895554769779e-05
9300,pretrain,ep-1,,0.170585,9.897801456036805e-05
9350,pretrain,ep-1,,0.170508,9.896640879688279e-05
9400,pretrain,ep-1,,0.17042,9.895473820204672e-05
9450,pretrain,ep-1,,0.170357,9.8943002791471e-05
9500,pretrain,ep-1,,0.170282,9.89312025808536e-05
9550,pretrain,ep-1,,0.170207,9.891933758597921e-05
9600,pretrain,ep-1,,0.170166,9.890740782271895e-05
9650,pretrain,ep-1,,0.170078,9.889541330703082e-05
9700,pretrain,ep-1,,0.169997,9.888335405495932e-05
9750,pretrain,ep-1,,0.169933,9.887123008263564e-05
9800,pretrain,ep-1,,0.169872,9.885904140627737e-05
9850,pretrain,ep-1,,0.169805,9.884678804218886e-05
9900,pretrain,ep-1,,0.169736,9.883447000676079e-05
9950,pretrain,ep-1,,0.169671,9.882208731647054e-05
10000,pretrain,ep-1,,0.169614,9.880963998788182e-05
10050,pretrain,ep-1,,0.169529,9.879712803764487e-05
10100,pretrain,ep-1,,0.169436,9.878455148249646e-05
10150,pretrain,ep-1,,0.16938,9.877191033925948e-05
10200,pretrain,ep-1,,0.169304,9.875920462484363e-05
10250,pretrain,ep-1,,0.169223,9.874643435624473e-05
10300,pretrain,ep-1,,0.169164,9.873359955054497e-05
10350,pretrain,ep-1,,0.169077,9.872070022491291e-05
10400,pretrain,ep-1,,0.169024,9.870773639660326e-05
10450,pretrain,ep-1,,0.168953,9.869470808295737e-05
10500,pretrain,ep-1,,0.168892,9.868161530140252e-05
10550,pretrain,ep-1,,0.168801,9.866845806945236e-05
10600,pretrain,ep-1,,0.168726,9.865523640470673e-05
10650,pretrain,ep-1,,0.168684,9.864195032485166e-05
10700,pretrain,ep-1,,0.168634,9.862859984765934e-05
10750,pretrain,ep-1,,0.168571,9.861518499098811e-05
10800,pretrain,ep-1,,0.168515,9.860170577278241e-05
10850,pretrain,ep-1,,0.168468,9.858816221107283e-05
10900,pretrain,ep-1,,0.168395,9.857455432397601e-05
10950,pretrain,ep-1,,0.16833,9.856088212969445e-05
11000,pretrain,ep-1,,0.16827,9.854714564651707e-05
11050,pretrain,ep-1,,0.168239,9.853334489281835e-05
11100,pretrain,ep-1,,0.168164,9.85194798870591e-05
11150,pretrain,ep-1,,0.168095,9.850555064778578e-05
11200,pretrain,ep-1,,0.168033,9.8491557193631e-05
11250,pretrain,ep-1,,0.167976,9.847749954331321e-05
11300,pretrain,ep-1,,0.167918,9.846337771563658e-05
11350,pretrain,ep-1,,0.167861,9.844919172949132e-05
11400,pretrain,ep-1,,0.167808,9.843494160385336e-05
11450,pretrain,ep-1,,0.167774,9.842062735778453e-05
11500,pretrain,ep-1,,0.167736,9.840624901043228e-05
11550,pretrain,ep-1,,0.167666,9.839180658102991e-05
11600,pretrain,ep-1,,0.167626,9.837730008889649e-05
11650,pretrain,ep-1,,0.167568,9.836272955343657e-05
11700,pretrain,ep-1,,0.167524,9.834809499414066e-05
11750,pretrain,ep-1,,0.167459,9.833339643058466e-05
11800,pretrain,ep-1,,0.167408,9.831863388243011e-05
11850,pretrain,ep-1,,0.167361,9.830380736942428e-05
11900,pretrain,ep-1,,0.167309,9.828891691139993e-05
11950,pretrain,ep-1,,0.167267,9.827396252827538e-05
12000,pretrain,ep-1,,0.167223,9.825894424005448e-05
12050,pretrain,ep-1,,0.167176,9.824386206682643e-05
12100,pretrain,ep-1,,0.16713,9.822871602876607e-05
12150,pretrain,ep-1,,0.167064,9.821350614613358e-05
12200,pretrain,ep-1,,0.167028,9.819823243927441e-05
12250,pretrain,ep-1,,0.166971,9.818289492861962e-05
12300,pretrain,ep-1,,0.166942,9.816749363468547e-05
12350,pretrain,ep-1,,0.166903,9.815202857807367e-05
12400,pretrain,ep-1,,0.166837,9.813649977947098e-05
12450,pretrain,ep-1,,0.166772,9.812090725964977e-05
12500,pretrain,ep-1,,0.166718,9.810525103946731e-05
12550,pretrain,ep-1,,0.166671,9.808953113986626e-05
12600,pretrain,ep-1,,0.166636,9.807374758187448e-05
12650,pretrain,ep-1,,0.166578,9.805790038660491e-05
12700,pretrain,ep-1,,0.166535,9.80419895752556e-05
12750,pretrain,ep-1,,0.166515,9.802601516910974e-05
12800,pretrain,ep-1,,0.166478,9.800997718953565e-05
12850,pretrain,ep-1,,0.166431,9.799387565798652e-05
12900,pretrain,ep-1,,0.166382,9.797771059600066e-05
12950,pretrain,ep-1,,0.166323,9.79614820252014e-05
13000,pretrain,ep-1,,0.166281,9.794518996729698e-05
13050,pretrain,ep-1,,0.166229,9.792883444408043e-05
13100,pretrain,ep-1,,0.166184,9.791241547743e-05
13150,pretrain,ep-1,,0.16615,9.789593308930844e-05
13200,pretrain,ep-1,,0.166097,9.787938730176367e-05
13250,pretrain,ep-1,,0.166058,9.78627781369281e-05
13300,pretrain,ep-1,,0.166002,9.784610561701921e-05
13350,pretrain,ep-1,,0.165961,9.782936976433897e-05
13400,pretrain,ep-1,,0.165904,9.781257060127427e-05
13450,pretrain,ep-1,,0.165861,9.779570815029653e-05
13500,pretrain,ep-1,,0.165812,9.777878243396187e-05
13550,pretrain,ep-1,,0.165779,9.776179347491112e-05
13600,pretrain,ep-1,,0.165755,9.774474129586966e-05
13681,pretrain,ep-3,,0.164035,9.771698265880198e-06
13731,pretrain,ep-3,,0.16428,9.76997649517706e-06
13781,pretrain,ep-3,,0.16313,9.768248410772123e-06
13831,pretrain,ep-3,,0.163428,9.766514014976978e-06
13881,pretrain,ep-3-res,,0.163064,9.764773310111648e-06
13931,pretrain,ep-3,,0.162175,9.763026298504588e-06
13981,pretrain,ep-3,,0.162278,9.761272982492697e-06
14031,pretrain,ep-3,,0.16199,9.75951336442132e-06
14081,pretrain,ep-3,,0.161548,9.757747446644215e-06
14131,pretrain,ep-3-res,,0.160966,9.755975231523564e-06
14181,pretrain,ep-3-res,,0.160779,9.75419672142999e-06
14231,pretrain,ep-3-res,,0.16067,9.752411918742518e-06
14281,pretrain,ep-3-res,,0.161039,9.750620825848607e-06
14331,pretrain,ep-3-res,,0.160765,9.748823445144113e-06
14381,pretrain,ep-3-res,,0.160764,9.747019779033309e-06
14431,pretrain,ep-3-res,,0.160931,9.745209829928891e-06
14481,pretrain,ep-3,,0.161354,9.743393600251929e-06
14531,pretrain,ep-3-res,,0.160937,9.741571092431937e-06
14581,pretrain,ep-3-res,,0.160929,9.739742308906779e-06
14631,pretrain,ep-3,,0.160971,9.737907252122755e-06
14681,pretrain,ep-3-res,,0.16065,9.736065924534533e-06
14731,pretrain,ep-3-res,,0.160667,9.73421832860517e-06
14781,pretrain,ep-3-res,,0.160461,9.732364466806115e-06
14831,pretrain,ep-3,,0.160915,9.730504341617194e-06
14881,pretrain,ep-3-res,,0.160426,9.728637955526619e-06
14931,pretrain,ep-3,,0.160632,9.726765311030973e-06
14981,pretrain,ep-3,,0.160566,9.724886410635199e-06
15031,pretrain,ep-3,,0.16042,9.723001256852629e-06
15281,pretrain,ep-3-res,,0.160173,9.71348177568934e-06
15331,pretrain,ep-3-res,,0.160205,9.7115591548339e-06
15881,pretrain,ep-3-res,,0.160004,9.689999350251601e-06
15931,pretrain,ep-3-res,,0.159975,9.688002074803961e-06
15981,pretrain,ep-3-res,,0.15994,9.685998595308064e-06
16031,pretrain,ep-3-res,,0.159949,9.683988914443849e-06
16181,pretrain,ep-3-res,,0.159959,9.677922690565419e-06
16331,pretrain,ep-3-res,,0.160071,9.671800751646913e-06
16381,pretrain,ep-3-res,,0.160028,9.66974773693992e-06
16431,pretrain,ep-3-res,,0.160048,9.667688542602665e-06
16531,pretrain,ep-3-res,,0.160133,9.663551626063621e-06
16581,pretrain,ep-3-res,,0.160211,9.661473909395589e-06
16631,pretrain,ep-3-res,,0.160179,9.659390024164825e-06
16681,pretrain,ep-3-res,,0.160116,9.657299973158859e-06
16731,pretrain,ep-3-res,,0.160154,9.655203759173442e-06
16781,pretrain,ep-3-res,,0.160127,9.6531013850126e-06
16831,pretrain,ep-3-res,,0.160174,9.650992853488585e-06
16881,pretrain,ep-3-res,,0.160182,9.648878167421871e-06
16931,pretrain,ep-3-res,,0.160232,9.646757329641197e-06
16981,pretrain,ep-3-res,,0.160151,9.644630342983504e-06
17031,pretrain,ep-3-res,,0.160102,9.642497210293959e-06
17131,pretrain,ep-3-res,,0.160023,9.638212518241154e-06
17231,pretrain,ep-3-res,,0.159931,9.63390327640853e-06
17381,pretrain,ep-3-res,,0.159909,9.627393433295782e-06
17481,pretrain,ep-3-res,,0.159843,9.623022918175544e-06
17931,pretrain,ep-3-res,,0.159732,9.603053143062694e-06
17981,pretrain,ep-3-res,,0.15979,9.600803787262622e-06
18081,pretrain,ep-3-res,,0.159763,9.59628681645843e-06
18181,pretrain,ep-3-res,,0.159659,9.591745520202908e-06
18281,pretrain,ep-3-res,,0.159771,9.587179922794816e-06
18331,pretrain,ep-3-res,,0.159718,9.584888018787464e-06
18381,pretrain,ep-3-res,,0.159745,9.582590048662901e-06
18431,pretrain,ep-3-res,,0.159708,9.580286015495032e-06
18531,pretrain,ep-3-res,,0.159688,9.575659772365473e-06
18681,pretrain,ep-3-res,,0.159664,9.568675012159722e-06
18781,pretrain,ep-3-res,,0.159697,9.56398827801626e-06
18831,pretrain,ep-3-res,,0.159679,9.561635852134368e-06
18881,pretrain,ep-3-res,,0.159704,9.559277391238664e-06
18981,pretrain,ep-3-res,,0.159646,9.55454237703309e-06
19131,pretrain,ep-3-res,,0.159607,9.547394672253433e-06
19281,pretrain,ep-3-res,,0.159642,9.540192823845797e-06
19481,pretrain,ep-3-res,,0.159615,9.530506285830464e-06
19531,pretrain,ep-3-res,,0.159593,9.528069659775313e-06
19581,pretrain,ep-3-res,,0.159555,9.52562704360634e-06
19681,pretrain,ep-3-res,,0.159559,9.520723854004462e-06
19731,pretrain,ep-3-res,,0.15953,9.518263287130336e-06
19781,pretrain,ep-3-res,,0.159537,9.515796743259924e-06
19831,pretrain,ep-3-res,,0.159509,9.513324225692622e-06
20031,pretrain,ep-3-res,,0.159441,9.503374484721834e-06
20181,pretrain,ep-3-res,,0.15942,9.49584961803395e-06
20231,pretrain,ep-3-res,,0.159462,9.493329430627366e-06
20331,pretrain,ep-3-res,,0.159435,9.488271228263197e-06
20531,pretrain,ep-3-res,,0.159349,9.478083608223412e-06
20631,pretrain,ep-3-res,,0.159273,9.472954245057873e-06
20681,pretrain,ep-3-res,,0.159271,9.470380687175203e-06
20731,pretrain,ep-3-res,,0.159253,9.467801216346674e-06
20831,pretrain,ep-3-res,,0.159221,9.462624549661713e-06
20881,pretrain,ep-3-res,,0.159213,9.460027360729888e-06
21031,pretrain,ep-3-res,,0.159216,9.452200413290368e-06
21131,pretrain,ep-3-res,,0.159201,9.446952999379529e-06
21231,pretrain,ep-3-res,,0.159185,9.44168205904582e-06
21331,pretrain,ep-3-res,,0.159167,9.436387620492025e-06
21531,pretrain,ep-3-res,,0.15908,9.425728362163841e-06
21581,pretrain,ep-3-res,,0.159075,9.423048905609598e-06
21681,pretrain,ep-3-res,,0.159051,9.417672447196389e-06
21731,pretrain,ep-3-res,,0.159029,9.414975452529263e-06
21831,pretrain,ep-3-res,,0.159005,9.409563950312209e-06
21881,pretrain,ep-3-res,,0.159025,9.406849450001007e-06
22081,pretrain,ep-3-res,,0.158991,9.395933205554191e-06
22131,pretrain,ep-3-res,,0.158959,9.393189601894695e-06
22231,pretrain,ep-3-res,,0.15897,9.387684969181086e-06
22281,pretrain,ep-3-res,,0.158951,9.38492394749028e-06
22331,pretrain,ep-3-res,,0.158947,9.382157127165284e-06
22481,pretrain,ep-3-res,,0.158957,9.373821911434383e-06
22681,pretrain,ep-3-res,,0.158928,9.362627334997275e-06
22731,pretrain,ep-3-res,,0.158918,9.359814259487095e-06
22781,pretrain,ep-3-res,,0.158909,9.356995418930827e-06
22881,pretrain,ep-3-res,,0.158924,9.351340457770302e-06
22931,pretrain,ep-3-res,,0.158943,9.348504344730415e-06
22981,pretrain,ep-3-res,,0.158926,9.345662481773223e-06
23131,pretrain,ep-3-res,,0.158893,9.33710243145049e-06
23181,pretrain,ep-3-res,,0.158868,9.33423760691519e-06
23231,pretrain,ep-3-res,,0.158868,9.331367051546554e-06
23331,pretrain,ep-3-res,,0.158841,9.325608763676174e-06
23481,pretrain,ep-3-res,,0.15882,9.316928446864764e-06
23581,pretrain,ep-3-res,,0.158795,9.311113024141523e-06
23631,pretrain,ep-3-res,,0.158789,9.308196760982307e-06
23681,pretrain,ep-3-res,,0.158794,9.305274801823424e-06
23781,pretrain,ep-3-res,,0.158768,9.299413811148588e-06
23831,pretrain,ep-3-res,,0.15877,9.296474787472611e-06
23931,pretrain,ep-3-res,,0.158749,9.290579703100557e-06
24081,pretrain,ep-3-res,,0.158755,9.281694543191036e-06
24131,pretrain,ep-3-res,,0.158757,9.278721496833613e-06
24231,pretrain,ep-3-res,,0.158759,9.272758438387488e-06
24581,pretrain,ep-3-res,,0.158702,9.251710013604303e-06
24631,pretrain,ep-3-res,,0.158694,9.248680581735417e-06
24681,pretrain,ep-3-res,,0.158683,9.245645533479006e-06
24731,pretrain,ep-3-res,,0.158665,9.24260487289491e-06
24781,pretrain,ep-3-res,,0.158669,9.2395586040505e-06
24831,pretrain,ep-3-res,,0.158668,9.236506731020615e-06
24981,pretrain,ep-3-res,,0.158673,9.22731752767915e-06
25031,pretrain,ep-3-res,,0.158674,9.224243278805828e-06
25081,pretrain,ep-3-res,,0.158668,9.221163446233663e-06
25181,pretrain,ep-3-res,,0.158655,9.214987046479307e-06
25231,pretrain,ep-3-res,,0.158645,9.211890487558998e-06
25281,pretrain,ep-3-res,,0.158639,9.208788361463629e-06
25381,pretrain,ep-3-res,,0.158614,9.202567424353453e-06
25431,pretrain,ep-3-res,,0.158607,9.199448621660116e-06
25531,pretrain,ep-3-res,,0.158583,9.193194368856349e-06
25681,pretrain,ep-3-res,,0.158534,9.183771433908837e-06
25731,pretrain,ep-3-res,,0.1585,9.180619390860611e-06
25781,pretrain,ep-3-res,,0.158483,9.177461822467267e-06
25881,pretrain,ep-3-res,,0.158454,9.171130126547594e-06
26081,pretrain,ep-3-res,,0.158398,9.158400616905888e-06
26131,pretrain,ep-3-res,,0.158389,9.155204489774614e-06
26181,pretrain,ep-3-res,,0.158397,9.152002871294607e-06
26281,pretrain,ep-3-res,,0.158363,9.14558317742639e-06
26381,pretrain,ep-3-res,,0.158347,9.13914156965057e-06
26431,pretrain,ep-3-res,,0.158355,9.13591255881354e-06
26481,pretrain,ep-3-res,,0.158354,9.132678082433729e-06
26681,pretrain,ep-3-res,,0.158322,9.119685608128516e-06
26731,pretrain,ep-3-res,,0.158328,9.116423869080038e-06
26781,pretrain,ep-3-res,,0.15832,9.113156690557934e-06
26881,pretrain,ep-3-res,,0.158321,9.10660603258154e-06
26981,pretrain,ep-3-res,,0.158315,9.10003366924942e-06
27031,pretrain,ep-3-res,,0.158308,9.09673935905987e-06
27081,pretrain,ep-3-res,,0.158301,9.09343963572778e-06
27181,pretrain,ep-3-res,,0.158299,9.086823967298792e-06
27312,pretrain,ep-3-res,,0.151832,9.078124766068447e-06
27362,pretrain,ep-3-res,,0.154783,9.074794703190507e-06
27462,pretrain,ep-3-res,,0.154601,9.068118430531846e-06
27512,pretrain,ep-3-res,,0.154389,9.064772229681676e-06
27712,pretrain,ep-3-res,,0.155065,9.051333767333985e-06
27812,pretrain,ep-3-res,,0.154976,9.044582403733117e-06
27912,pretrain,ep-3-res,,0.154979,9.037809666641363e-06
27962,pretrain,ep-3-res,,0.15481,9.034415294356433e-06
28062,pretrain,ep-3-res,,0.155114,9.027610565010922e-06
28162,pretrain,ep-3-res,,0.155126,9.020784552984378e-06
28262,pretrain,ep-3-res,,0.155111,9.013937294800188e-06
28462,pretrain,ep-3-res,,0.155238,9.00017918662065e-06
28612,pretrain,ep-3-res,,0.155497,8.989805107635318e-06
28712,pretrain,ep-3-res,,0.155652,8.982862696762175e-06
28862,pretrain,ep-3-res,,0.155614,8.972409635993549e-06
28912,pretrain,ep-3-res,,0.155735,8.968914782518047e-06
28962,pretrain,ep-3-res,,0.155676,8.965414686885235e-06
29062,pretrain,ep-3-res,,0.155663,8.958398787882367e-06
29112,pretrain,ep-3-res,,0.155671,8.954882993897168e-06
29212,pretrain,ep-3-res,,0.155654,8.947835740473834e-06
29262,pretrain,ep-3-res,,0.155688,8.944304290462503e-06
29312,pretrain,ep-3-res,,0.155735,8.940767631214208e-06
29362,pretrain,ep-3-res,,0.155694,8.937225767459795e-06
29462,pretrain,ep-3-res,,0.155663,8.930126445390722e-06
29512,pretrain,ep-3-res,,0.155597,8.926568996572507e-06
29762,pretrain,ep-3-res,,0.155811,8.908704065198231e-06
29962,pretrain,ep-3-res,,0.155992,8.894319182435529e-06
30112,pretrain,ep-3-res,,0.156113,8.88347650862266e-06
30162,pretrain,ep-3-res,,0.15613,8.87985202182469e-06
30212,pretrain,ep-3-res,,0.156131,8.876222412004684e-06
30262,pretrain,ep-3-res,,0.156107,8.872587684017812e-06
30412,pretrain,ep-3-res,,0.156032,8.86165283971032e-06
30462,pretrain,ep-3-res,,0.156034,8.857997687744475e-06
30512,pretrain,ep-3-res,,0.156098,8.854337441990176e-06
30562,pretrain,ep-3-res,,0.156024,8.850672107343559e-06
30612,pretrain,ep-3-res,,0.156079,8.847001688707574e-06
30662,pretrain,ep-3-res,,0.156028,8.84332619099198e-06
30862,pretrain,ep-3-res,,0.156087,8.828573507766267e-06
30912,pretrain,ep-3-res,,0.156036,8.82487268853651e-06
30962,pretrain,ep-3-res,,0.156016,8.82116681982812e-06
31062,pretrain,ep-3-res,,0.156048,8.813739953810883e-06
31112,pretrain,ep-3-res,,0.156093,8.810018966436628e-06
31162,pretrain,ep-3-res,,0.156081,8.806292949452895e-06
31262,pretrain,ep-3-res,,0.156072,8.798825846600259e-06
31362,pretrain,ep-3-res,,0.155989,8.791338685206578e-06
31512,pretrain,ep-3-res,,0.156093,8.780070421014232e-06
31562,pretrain,ep-3-res,,0.156111,8.776304347147013e-06
31612,pretrain,ep-3-res,,0.156117,8.772533288768861e-06
31662,pretrain,ep-3-res,,0.156115,8.768757250924162e-06
31712,pretrain,ep-3-res,,0.156061,8.764976238663938e-06
31762,pretrain,ep-3-res,,0.15607,8.76119025704588e-06
31812,pretrain,ep-3-res,,0.156037,8.75739931113434e-06
31912,pretrain,ep-3-res,,0.156065,8.749802546721328e-06
32012,pretrain,ep-3-res,,0.156057,8.742185986072321e-06
32112,pretrain,ep-3-res,,0.156028,8.734549669940618e-06
32262,pretrain,ep-3-res,,0.156018,8.723058243620988e-06
32362,pretrain,ep-3-res,,0.155991,8.715372717771474e-06
32412,pretrain,ep-3-res,,0.155956,8.711522597766809e-06
32462,pretrain,ep-3-res,,0.155956,8.70766757990686e-06
32562,pretrain,ep-3-res,,0.155879,8.69994287125442e-06
32662,pretrain,ep-3-res,,0.155831,8.692198633146128e-06
32812,pretrain,ep-3-res,,0.155878,8.680545748924764e-06
32912,pretrain,ep-3-res,,0.15589,8.672752868689443e-06
33012,pretrain,ep-3-res,,0.155896,8.66494060448163e-06
33062,pretrain,ep-3-res,,0.155855,8.661027216446635e-06
33112,pretrain,ep-3-res,,0.155829,8.657108998101779e-06
33162,pretrain,ep-3-res,,0.155841,8.653185954688291e-06
33212,pretrain,ep-3-res,,0.155821,8.649258091453841e-06
33362,pretrain,ep-3-res,,0.15583,8.637445635398216e-06
33412,pretrain,ep-3-res,,0.155791,8.633498545485583e-06
33562,pretrain,ep-3-res,,0.155728,8.621628535983176e-06
33762,pretrain,ep-3-res,,0.155715,8.605734994967835e-06
33912,pretrain,ep-3-res,,0.155653,8.593764878972758e-06
33962,pretrain,ep-3-res,,0.155661,8.589765352512922e-06
34112,pretrain,ep-3-res,,0.155681,8.5777383846487e-06
34162,pretrain,ep-3-res,,0.155663,8.573719950407888e-06
34262,pretrain,ep-3-res,,0.155697,8.565668946739368e-06
34412,pretrain,ep-3-res,,0.155745,8.553557184087496e-06
34512,pretrain,ep-3-res,,0.15579,8.545459233892168e-06
34562,pretrain,ep-3-res,,0.155787,8.541403242505268e-06
34712,pretrain,ep-3-res,,0.155745,8.529207268312598e-06
34762,pretrain,ep-3-res,,0.155747,8.525132628364394e-06
34812,pretrain,ep-3-res,,0.155777,8.521053339886446e-06
34962,pretrain,ep-3-res,,0.155799,8.508787637872015e-06
35012,pretrain,ep-3-res,,0.155772,8.504689809904002e-06
35062,pretrain,ep-3-res,,0.155788,8.500587360751692e-06
35112,pretrain,ep-3-res,,0.155811,8.496480295902752e-06
35162,pretrain,ep-3-res,,0.155797,8.492368620851018e-06
35212,pretrain,ep-3-res,,0.155765,8.488252341096488e-06
35262,pretrain,ep-3-res,,0.155716,8.484131462145332e-06
35312,pretrain,ep-3-res,,0.155733,8.48000598950987e-06
35362,pretrain,ep-3-res,,0.155758,8.475875928708548e-06
35562,pretrain,ep-3-res,,0.155778,8.459309914428657e-06
35612,pretrain,ep-3-res,,0.1558,8.455156995789546e-06
35712,pretrain,ep-3-res,,0.155782,8.446837499293213e-06
35812,pretrain,ep-3-res,,0.155793,8.438499827611588e-06
35862,pretrain,ep-3-res,,0.1558,8.434324190013658e-06
36012,pretrain,ep-3-res,,0.155823,8.421770137236318e-06
36062,pretrain,ep-3-res,,0.155804,8.417576424974908e-06
36112,pretrain,ep-3-res,,0.155782,8.413378208056892e-06
36162,pretrain,ep-3-res,,0.155774,8.409175492098027e-06
36212,pretrain,ep-3-res,,0.15576,8.404968282720107e-06
36412,pretrain,ep-3-res,,0.155723,8.388094623663776e-06
36612,pretrain,ep-3-res,,0.155729,8.371149521204994e-06
36662,pretrain,ep-3-res,,0.155718,8.36690212502518e-06
36712,pretrain,ep-3-res,,0.155724,8.362650291973502e-06
36812,pretrain,ep-3-res,,0.155736,8.354133338010434e-06
36912,pretrain,ep-3-res,,0.155719,8.345598704886786e-06
37012,pretrain,ep-3-res,,0.155713,8.337046438268116e-06
37062,pretrain,ep-3-res,,0.155722,8.332763706694451e-06
37162,pretrain,ep-3-res,,0.155667,8.32418507566255e-06
37262,pretrain,ep-3-res,,0.155605,8.315588925711814e-06
37312,pretrain,ep-3-res,,0.155624,8.311284295511581e-06
37412,pretrain,ep-3-res,,0.155601,8.302661953451942e-06
37612,pretrain,ep-3-res,,0.155595,8.285365104290296e-06
37662,pretrain,ep-3-res,,0.155582,8.281030058016036e-06
37712,pretrain,ep-3-res,,0.155588,8.276690689737153e-06
37762,pretrain,ep-3-res,,0.155613,8.272347005258213e-06
37812,pretrain,ep-3-res,,0.155635,8.267999010389572e-06
37862,pretrain,ep-3-res,,0.155638,8.263646710947349e-06
38112,pretrain,ep-3-res,,0.155632,8.24182084909929e-06
38262,pretrain,ep-3-res,,0.155636,8.228674050591416e-06
38362,pretrain,ep-3-res,,0.155636,8.219888248631192e-06
38612,pretrain,ep-3-res,,0.155598,8.197849642997615e-06
38712,pretrain,ep-3-res,,0.155587,8.18900468426719e-06
38762,pretrain,ep-3-res,,0.155565,8.184575903583096e-06
38962,pretrain,ep-3-res,,0.155554,8.166818910350471e-06
39062,pretrain,ep-3-res,,0.155553,8.157915374590539e-06
39112,pretrain,ep-3-res,,0.155556,8.153457367752295e-06
39162,pretrain,ep-3-res,,0.155554,8.148995209557704e-06
39212,pretrain,ep-3-res,,0.155552,8.144528905975601e-06
39262,pretrain,ep-3-res,,0.155556,8.140058462980362e-06
39412,pretrain,ep-3-res,,0.155519,8.126622357342593e-06
39512,pretrain,ep-3-res,,0.155503,8.11764436629741e-06
39562,pretrain,ep-3-res,,0.155496,8.113149212594746e-06
39812,pretrain,ep-3-res,,0.155478,8.09061210296359e-06
39962,pretrain,ep-3-res,,0.155495,8.077040981446414e-06
40162,pretrain,ep-3-res,,0.155486,8.058889493183624e-06
40262,pretrain,ep-3-res,,0.155504,8.049789575615566e-06
40312,pretrain,ep-3-res,,0.155529,8.045233594760207e-06
40512,pretrain,ep-3-res,,0.155491,8.026969666460129e-06
40562,pretrain,ep-3-res,,0.155483,8.022393713704e-06
40662,pretrain,ep-3-res,,0.155474,8.013229886203087e-06
40712,pretrain,ep-3-res,,0.155487,8.008642023716341e-06
40762,pretrain,ep-3-res,,0.1555,8.004050203586273e-06
40812,pretrain,ep-3-res,,0.155518,7.999454431955154e-06
40862,pretrain,ep-3-res,,0.155511,7.994854714970553e-06
41043,pretrain,ep-3-res,,0.152482,7.978170844090687e-06
41243,pretrain,ep-3-res,,0.152738,7.959675946355947e-06
41293,pretrain,ep-3-res,,0.152916,7.955042476087867e-06
41343,pretrain,ep-3-res,,0.153217,7.95040511987419e-06
41393,pretrain,ep-3-res,,0.153461,7.945763883918096e-06
41493,pretrain,ep-3-res,,0.153924,7.936469797617336e-06
41543,pretrain,ep-4,,0.154135,7.931816959704958e-06
41593,pretrain,ep-4,,0.154485,7.927160266914717e-06
41643,pretrain,ep-3-res,,0.154798,7.922499725475659e-06
41693,pretrain,ep-4,,0.154458,7.917835341621977e-06
41793,pretrain,ep-4,,0.154542,7.90849507163328e-06
41843,pretrain,ep-4,,0.154792,7.903819197992314e-06
42143,pretrain,ep-4,,0.154282,7.875684009461554e-06
42543,pretrain,ep-4,,0.154294,7.837958992384226e-06
43143,pretrain,ep-4,,0.154212,7.780924965369824e-06
43193,pretrain,ep-4,,0.154253,7.776148233171878e-06
43243,pretrain,ep-4,,0.1542,7.77136785432718e-06
43293,pretrain,ep-4,,0.154236,7.766583835230224e-06
43593,pretrain,ep-4,,0.154134,7.73780363405541e-06
43643,pretrain,ep-4,,0.15414,7.732994312646563e-06
43693,pretrain,ep-4,,0.154134,7.728181402316025e-06
43843,pretrain,ep-4,,0.154059,7.713721202198455e-06
43893,pretrain,ep-4,,0.154146,7.708894000609215e-06
43943,pretrain,ep-4,,0.154058,7.704063242336206e-06
43993,pretrain,ep-4,,0.154065,7.699228933841311e-06
44043,pretrain,ep-4,,0.15397,7.69439108159116e-06
44143,pretrain,ep-4,,0.153978,7.684704771715384e-06
44193,pretrain,ep-4,,0.154035,7.679856327046692e-06
44393,pretrain,ep-4,,0.154034,7.660427434884151e-06
44643,pretrain,ep-4,,0.154149,7.636062801981102e-06
45193,pretrain,ep-4,,0.153982,7.582157346955118e-06
45243,pretrain,ep-4,,0.153938,7.577236396765611e-06
45543,pretrain,ep-4,,0.153824,7.547639934336509e-06
45593,pretrain,ep-4,,0.153791,7.542695458633916e-06
45643,pretrain,ep-4,,0.153801,7.537747648563912e-06
45943,pretrain,ep-4,,0.15389,7.507991137373467e-06
46043,pretrain,ep-4,,0.153938,7.498045925925542e-06
46093,pretrain,ep-4,,0.153939,7.493068404912084e-06
46143,pretrain,ep-4,,0.153914,7.4880876159151175e-06
46243,pretrain,ep-4,,0.153927,7.478116260625312e-06
46393,pretrain,ep-4,,0.153988,7.463134884520329e-06
46743,pretrain,ep-4,,0.153919,7.4280656747651976e-06
46843,pretrain,ep-4,,0.15395,7.418017170633659e-06
46943,pretrain,ep-4,,0.15397,7.407955996143036e-06
46993,pretrain,ep-4,,0.153926,7.402920674333405e-06
47043,pretrain,ep-4,,0.15396,7.397882205126858e-06
47093,pretrain,ep-4,,0.153987,7.392840595263125e-06
47293,pretrain,ep-4,,0.154024,7.372642884177904e-06
47443,pretrain,ep-4,,0.153987,7.357461954833546e-06
47593,pretrain,ep-4,,0.15398,7.342253246214574e-06
47993,pretrain,ep-4,,0.154061,7.301562273595377e-06
48093,pretrain,ep-4,,0.154079,7.291359276068779e-06
48493,pretrain,ep-4,,0.154053,7.250427906238102e-06
48593,pretrain,ep-4,,0.154064,7.240165492609745e-06
48843,pretrain,ep-4,,0.154037,7.214458309311278e-06
48943,pretrain,ep-4,,0.154019,7.204155120727699e-06
48993,pretrain,ep-4,,0.154001,7.198999200713752e-06
49093,pretrain,ep-4,,0.154008,7.188678743725724e-06
49393,pretrain,ep-4,,0.153998,7.157648934412458e-06
49493,pretrain,ep-4,,0.153989,7.1472830363346805e-06
49543,pretrain,ep-4,,0.153984,7.1420958756655495e-06
49593,pretrain,ep-4,,0.153956,7.136905916493188e-06
49743,pretrain,ep-4,,0.153957,7.121319317399134e-06
49993,pretrain,ep-4,,0.153898,7.095286330864924e-06
50193,pretrain,ep-4,,0.153907,7.074410653917011e-06
50243,pretrain,ep-4,,0.15388,7.0691849473088085e-06
50443,pretrain,ep-4,,0.153903,7.048255181096679e-06
50493,pretrain,ep-4,,0.153906,7.043016039594841e-06
50843,pretrain,ep-4,,0.154013,7.006267794867677e-06
50893,pretrain,ep-4,,0.154021,7.001007522144359e-06
51043,pretrain,ep-4,,0.153979,6.98521107348373e-06
51193,pretrain,ep-4,,0.153953,6.969391327034928e-06
51343,pretrain,ep-4,,0.153939,6.953548473250094e-06
51393,pretrain,ep-4,,0.153937,6.948262419982685e-06
51493,pretrain,ep-4,,0.153937,6.93768270285956e-06
51843,pretrain,ep-4,,0.153896,6.900574525263229e-06
51893,pretrain,ep-4,,0.153907,6.895263398535671e-06
51943,pretrain,ep-4,,0.153893,6.889949803481657e-06
52043,pretrain,ep-4,,0.153881,6.879315236828611e-06
52093,pretrain,ep-4,,0.153873,6.873994279454963e-06
52293,pretrain,ep-4,,0.153853,6.852686122428329e-06
52443,pretrain,ep-4,,0.153858,6.836679660315837e-06
52493,pretrain,ep-4,,0.15386,6.831339383502541e-06
52543,pretrain,ep-4,,0.153858,6.825996723871091e-06
52793,pretrain,ep-4,,0.153842,6.799247933684924e-06
52943,pretrain,ep-4,,0.15384,6.783170523627497e-06
52993,pretrain,ep-4,,0.153846,6.777806740610703e-06
53043,pretrain,ep-4,,0.15385,6.772440646383987e-06
53143,pretrain,ep-4,,0.153871,6.761701553015798e-06
53343,pretrain,ep-4,,0.153865,6.7401959477976095e-06
53443,pretrain,ep-4,,0.153824,6.729429551015921e-06
53543,pretrain,ep-4,,0.153813,6.71865416824557e-06
53643,pretrain,ep-4,,0.153799,6.707869857141517e-06
53743,pretrain,ep-4,,0.153794,6.697076675406526e-06
53993,pretrain,ep-4,,0.153796,6.670055291160364e-06
54043,pretrain,ep-4,,0.153798,6.664644484153417e-06
54293,pretrain,ep-4,,0.153761,6.637558196408099e-06
54343,pretrain,ep-4,,0.153782,6.6321345390419e-06
54443,pretrain,ep-4,,0.153789,6.621280882515135e-06
54574,pretrain,ep-4,,0.151073,6.6070498808456134e-06
54624,pretrain,ep-4,,0.151505,6.601614423854839e-06
54724,pretrain,ep-4,,0.153389,6.590737290570853e-06
54774,pretrain,ep-4,,0.153413,6.585295628827489e-06
54974,pretrain,ep-4,,0.15346,6.563508517721805e-06
55074,pretrain,ep-4,,0.153278,6.552602785701918e-06
55174,pretrain,ep-4,,0.153257,6.541689013826122e-06
55324,pretrain,ep-4,,0.153483,6.525303409034307e-06
55424,pretrain,ep-4,,0.153407,6.514369793092117e-06
55724,pretrain,ep-4,,0.153427,6.481522167767077e-06
56124,pretrain,ep-4,,0.153238,6.437618374830494e-06
56174,pretrain,ep-4,,0.153142,6.432121970881698e-06
56224,pretrain,ep-4,,0.153084,6.426623718130053e-06
56324,pretrain,ep-4,,0.152992,6.415621695639779e-06
56524,pretrain,ep-4,,0.152971,6.393595788799344e-06
56574,pretrain,ep-4,,0.153071,6.388084800498527e-06
57024,pretrain,ep-4,,0.15316,6.338406245860171e-06
57224,pretrain,ep-4,,0.152944,6.31628175860061e-06
57424,pretrain,ep-4,,0.152993,6.294130169809327e-06
57474,pretrain,ep-4,,0.153023,6.288588093542966e-06
57524,pretrain,ep-4,,0.152977,6.28304436047262e-06
57674,pretrain,ep-4,,0.152841,6.266403294604732e-06
57724,pretrain,ep-4,,0.152833,6.260853008496499e-06
57774,pretrain,ep-4,,0.152803,6.255301102684265e-06
57874,pretrain,ep-4,,0.152823,6.2441924616561015e-06
57924,pretrain,ep-4,,0.152788,6.238635741299701e-06
58224,pretrain,ep-4,,0.152902,6.205262289779768e-06
58324,pretrain,ep-4,,0.153015,6.19412536380432e-06
58374,pretrain,ep-4,,0.152913,6.188554601423629e-06
58424,pretrain,ep-4,,0.152917,6.182982316049284e-06
58624,pretrain,ep-4,,0.152926,6.1606780937217045e-06
58924,pretrain,ep-4,,0.152717,6.127177338486115e-06
58974,pretrain,ep-4,,0.152755,6.121588792573304e-06
59024,pretrain,ep-4,,0.152735,6.11599881324402e-06
59074,pretrain,ep-4,,0.152784,6.110407407975721e-06
59274,pretrain,ep-4,,0.152812,6.088027677128278e-06
59374,pretrain,ep-4,,0.152836,6.076829450623844e-06
59524,pretrain,ep-4,,0.152849,6.060021828023605e-06
59624,pretrain,ep-4,,0.152851,6.048809978494155e-06
59674,pretrain,ep-4,,0.152857,6.043202045884318e-06
59724,pretrain,ep-4,,0.152941,6.0375927847124586e-06
59824,pretrain,ep-4,,0.152954,6.026370306697456e-06
59924,pretrain,ep-4,,0.152929,6.015142604496357e-06
60274,pretrain,ep-4,,0.152848,5.975805373910632e-06
60324,pretrain,ep-4,,0.15288,5.9701807557468e-06
60374,pretrain,ep-4,,0.152932,5.964554906698268e-06
60424,pretrain,ep-4,,0.152904,5.958927834290477e-06
60474,pretrain,ep-4,,0.152907,5.953299546050506e-06
60824,pretrain,ep-4,,0.152981,5.913868117683754e-06
61174,pretrain,ep-4,,0.152949,5.874380067287468e-06
61224,pretrain,ep-4,,0.152966,5.868734445896807e-06
61374,pretrain,ep-4,,0.152972,5.8517910408326615e-06
61424,pretrain,ep-4,,0.152993,5.846141084029938e-06
61674,pretrain,ep-4,,0.153006,5.817875476784195e-06
61824,pretrain,ep-4,,0.15303,5.800903726105517e-06
62024,pretrain,ep-4,,0.152997,5.778260698238256e-06
62074,pretrain,ep-4,,0.153014,5.772597486933237e-06
62224,pretrain,ep-4,,0.153,5.755602083807983e-06
62274,pretrain,ep-4,,0.153008,5.749935051622824e-06
62324,pretrain,ep-4,,0.152996,5.744267083165802e-06
62374,pretrain,ep-4,,0.153004,5.738598186018705e-06
62474,pretrain,ep-4,,0.152975,5.727257635987636e-06
62524,pretrain,ep-4,,0.152972,5.7215859982734136e-06
62574,pretrain,ep-4,,0.152954,5.71591346220859e-06
62624,pretrain,ep-4,,0.152964,5.710240035381064e-06
62824,pretrain,ep-4,,0.152896,5.687537572243386e-06
63074,pretrain,ep-4,,0.152905,5.659140362196669e-06
63274,pretrain,ep-4,,0.152873,5.636407881835175e-06
63324,pretrain,ep-4,,0.152863,5.630722781707892e-06
63424,pretrain,ep-4,,0.152859,5.619350258638271e-06
63474,pretrain,ep-4,,0.152857,5.613662850908454e-06
63674,pretrain,ep-4,,0.152852,5.590905756215879e-06
63974,pretrain,ep-4,,0.152885,5.5567485601225424e-06
64074,pretrain,ep-4,,0.152864,5.545357324011271e-06
64174,pretrain,ep-4,,0.152858,5.5339634374313915e-06
64324,pretrain,ep-4,,0.15287,5.516867771296257e-06
64524,pretrain,ep-4,,0.152901,5.494064842258541e-06
64574,pretrain,ep-4,,0.152894,5.488362605918763e-06
64874,pretrain,ep-4,,0.152912,5.4541371409616234e-06
64974,pretrain,ep-4,,0.152939,5.4427242464723476e-06
65024,pretrain,ep-4,,0.152922,5.437017007416371e-06
65074,pretrain,ep-4,,0.152926,5.431309250665023e-06
65124,pretrain,ep-4,,0.152933,5.425600983853315e-06
65374,pretrain,ep-4,,0.152922,5.3970522661619966e-06
65524,pretrain,ep-4,,0.152876,5.379917403608574e-06
65624,pretrain,ep-4,,0.152832,5.3684919425937524e-06
66324,pretrain,ep-4,,0.152821,5.288469424443785e-06
66374,pretrain,ep-4,,0.152822,5.282750889318177e-06
66424,pretrain,ep-4,,0.152815,5.277032042852097e-06
66674,pretrain,ep-4,,0.152804,5.248433408173233e-06
66774,pretrain,ep-4,,0.152777,5.2369920426932725e-06
66824,pretrain,ep-4,,0.152768,5.231270980930696e-06
67074,pretrain,ep-4,,0.152747,5.20266218801368e-06
67224,pretrain,ep-4,,0.152726,5.185494400520077e-06
67424,pretrain,ep-4,,0.152748,5.162601515495745e-06
67524,pretrain,ep-4,,0.152741,5.151154138628097e-06
67774,pretrain,ep-4,,0.152728,5.12253346253837e-06
67824,pretrain,ep-4,,0.152734,5.116809005617653e-06
67924,pretrain,ep-4,,0.152728,5.10535983133142e-06
67974,pretrain,ep-4,,0.152728,5.09963512928095e-06
68024,pretrain,ep-4,,0.152731,5.0939103608357834e-06
68124,pretrain,ep-4,,0.152754,5.082460655392508e-06
68305,pretrain,ep-4,,0.150791,5.0617362889167544e-06
68505,pretrain,ep-4,,0.15195,5.038836211986438e-06
69005,pretrain,ep-4,,0.151615,4.981588137107344e-06
69205,pretrain,ep-4,,0.151622,4.958691040646231e-06
69255,pretrain,ep-4,,0.151544,4.952967052738344e-06
69405,pretrain,ep-4,,0.15161,4.935795898420536e-06
69505,pretrain,ep-4,,0.151309,4.924349213276681e-06
69605,pretrain,ep-4,,0.151102,4.912903200442391e-06
69755,pretrain,ep-4,,0.151225,4.8957355757399455e-06
70005,pretrain,ep-4,,0.151255,4.867127097005204e-06
70055,pretrain,ep-4,,0.151203,4.86140610450789e-06
70205,pretrain,ep-4,,0.151206,4.844244671266924e-06
70355,pretrain,ep-4,,0.151159,4.827085715091183e-06
70405,pretrain,ep-4,,0.151165,4.821366649196727e-06
70555,pretrain,ep-4,,0.151255,4.804211317107602e-06
70805,pretrain,ep-4,,0.151294,4.775625774538741e-06
70855,pretrain,ep-4,,0.151365,4.769909736491663e-06
71005,pretrain,ep-4,,0.151336,4.752763900917706e-06
71205,pretrain,ep-4,,0.151303,4.7299083888773616e-06
71305,pretrain,ep-4,,0.15126,4.718483171319284e-06
71505,pretrain,ep-4,,0.151287,4.695638118786947e-06
71655,pretrain,ep-4,,0.151278,4.6785092797941405e-06
71755,pretrain,ep-4,,0.151325,4.667092525702504e-06
71855,pretrain,ep-4,,0.151332,4.6556778204031044e-06
71955,pretrain,ep-4,,0.151362,4.6442652249716855e-06
72055,pretrain,ep-4,,0.151446,4.632854800472707e-06
72155,pretrain,ep-4,,0.151445,4.621446607959005e-06
72205,pretrain,ep-4,,0.151463,4.615743367772396e-06
72405,pretrain,ep-4,,0.151462,4.592936292160974e-06
72755,pretrain,ep-4,,0.151497,4.553047741980859e-06
72955,pretrain,ep-4,,0.151495,4.530268741568474e-06
73105,pretrain,ep-4,,0.15148,4.513191764417844e-06
73155,pretrain,ep-4,,0.151481,4.507500864678236e-06
73255,pretrain,ep-4,,0.151493,4.496121249841111e-06
73505,pretrain,ep-4,,0.151425,4.4676853116276025e-06
73555,pretrain,ep-4,,0.151418,4.462000430369068e-06
73805,pretrain,ep-4,,0.151413,4.433587974239123e-06
73955,pretrain,ep-4,,0.151443,4.416550334315538e-06
74005,pretrain,ep-4,,0.151397,4.410872805554357e-06
74055,pretrain,ep-4,,0.151409,4.405196131725081e-06
74105,pretrain,ep-4,,0.151391,4.399520320421146e-06
74155,pretrain,ep-4,,0.15142,4.3938453792348345e-06
74405,pretrain,ep-4,,0.151434,4.365483990715317e-06
74555,pretrain,ep-4,,0.151506,4.3484780846634255e-06
74805,pretrain,ep-4,,0.15151,4.32015377684071e-06
74955,pretrain,ep-4,,0.151501,4.303170846920859e-06
75005,pretrain,ep-4,,0.151492,4.2975118581856675e-06
75105,pretrain,ep-4,,0.151442,4.286196907993079e-06
75555,pretrain,ep-4,,0.151488,4.235331080079562e-06
75605,pretrain,ep-4,,0.151526,4.2296846693947365e-06
75705,pretrain,ep-4,,0.1515,4.218395147474129e-06
75755,pretrain,ep-4,,0.151494,4.2127520513398385e-06
75805,pretrain,ep-4,,0.151498,4.2071100751547454e-06
75855,pretrain,ep-4,,0.151507,4.201469226465868e-06
75955,pretrain,ep-4,,0.151567,4.190190941757283e-06
76005,pretrain,ep-4,,0.151574,4.184553520824032e-06
76505,pretrain,ep-4,,0.151575,4.1282442267708684e-06
76555,pretrain,ep-4,,0.151592,4.122619954603092e-06
76605,pretrain,ep-4,,0.151583,4.116996922950195e-06
76855,pretrain,ep-4,,0.151562,4.088900635608946e-06
76905,pretrain,ep-4,,0.151575,4.083285204941767e-06
76955,pretrain,ep-4,,0.151595,4.077671067405804e-06
77155,pretrain,ep-4,,0.151674,4.055227598743554e-06
77205,pretrain,ep-4,,0.151635,4.049620039475434e-06
77355,pretrain,ep-4,,0.151603,4.032805420647644e-06
77705,pretrain,ep-4,,0.151641,3.993619282560327e-06
77905,pretrain,ep-4,,0.151594,3.971258126545034e-06
78005,pretrain,ep-4,,0.151614,3.9600861765396305e-06
78155,pretrain,ep-4,,0.151644,3.94333920466751e-06
78305,pretrain,ep-4,,0.151668,3.9266055557600695e-06
78355,pretrain,ep-4,,0.151684,3.92103066827371e-06
78555,pretrain,ep-4,,0.15168,3.898746294589343e-06
78655,pretrain,ep-4,,0.151696,3.887613317827475e-06
78955,pretrain,ep-4,,0.151629,3.854251942582237e-06
79205,pretrain,ep-4,,0.15162,3.826494714493862e-06
79305,pretrain,ep-4,,0.151626,3.815403227690905e-06
79455,pretrain,ep-4,,0.151622,3.7987784020056554e-06
79655,pretrain,ep-4,,0.151592,3.7766354341501963e-06
79805,pretrain,ep-4,,0.151571,3.7600460672240296e-06
80255,pretrain,ep-4,,0.151576,3.710371942039148e-06
80355,pretrain,ep-4,,0.151543,3.6993527697534707e-06
80405,pretrain,ep-4,,0.151556,3.6938458899770004e-06
80455,pretrain,ep-4,,0.151535,3.688340824267326e-06
80555,pretrain,ep-4,,0.151548,3.6773361645014522e-06
80605,pretrain,ep-4,,0.151542,3.671836585165696e-06
80705,pretrain,ep-4,,0.151584,3.660842964371235e-06
80755,pretrain,ep-4,,0.151589,3.655348937618206e-06
80805,pretrain,ep-4,,0.151599,3.649856776427628e-06
80855,pretrain,ep-4,,0.1516,3.6443664881461214e-06
81005,pretrain,ep-4,,0.15158,3.6279069341845655e-06
81355,pretrain,ep-4,,0.151561,3.5895682297820394e-06
81455,pretrain,ep-4,,0.15156,3.5786317863954147e-06
82036,pretrain,ep-7,,0.150238,3.515248650420826e-06
82136,pretrain,ep-4,,0.152783,3.504366975787307e-06
82186,pretrain,ep-7,,0.1507,3.498929236118672e-06
82236,pretrain,ep-7,,0.150299,3.4934935712481355e-06
82286,pretrain,ep-7,,0.150329,3.488059988446747e-06
82336,pretrain,ep-7,,0.150787,3.482628494982765e-06
82386,pretrain,ep-7,,0.150409,3.4771990981216566e-06
82436,pretrain,ep-7,,0.150453,3.471771805126085e-06
82486,pretrain,ep-7,,0.150774,3.466346623255894e-06
82536,pretrain,ep-7,,0.151077,3.4609235597681113e-06
82586,pretrain,ep-7,,0.150795,3.4555026219169236e-06
82686,pretrain,ep-7,,0.150713,3.4446671521268717e-06
82736,pretrain,ep-7,,0.150579,3.4392526346821298e-06
82786,pretrain,ep-4,,0.151612,3.433840271862214e-06
82836,pretrain,ep-7,,0.150439,3.428430070906998e-06
82886,pretrain,ep-7,,0.150374,3.4230220390534695e-06
82936,pretrain,ep-7,,0.150615,3.417616183535706e-06
83036,pretrain,ep-7,,0.150702,3.406811030429248e-06
83436,pretrain,ep-7,,0.150772,3.363678916229583e-06
83486,pretrain,ep-7,,0.150706,3.358297477015219e-06
84036,pretrain,ep-7,,0.150755,3.2992525795379463e-06
84086,pretrain,ep-7,,0.150767,3.2938987695317965e-06
84136,pretrain,ep-7,,0.150804,3.2885473085838497e-06
84186,pretrain,ep-7,,0.150875,3.283198203852512e-06
84336,pretrain,ep-7,,0.150907,3.267165098494927e-06
84486,pretrain,ep-7,,0.150782,3.2511534564859433e-06
84536,pretrain,ep-7,,0.15074,3.2458210454404113e-06
84586,pretrain,ep-7,,0.150786,3.2404910477645014e-06
84686,pretrain,ep-7,,0.150673,3.229838321037117e-06
84736,pretrain,ep-7,,0.150659,3.224515606235321e-06
84786,pretrain,ep-7,,0.150608,3.2191953333024818e-06
84836,pretrain,ep-7,,0.15061,3.2138775093552963e-06
84886,pretrain,ep-7,,0.150607,3.208562141507179e-06
84936,pretrain,ep-7,,0.150625,3.2032492368682558e-06
84986,pretrain,ep-7,,0.150627,3.1979388025453633e-06
85036,pretrain,ep-7,,0.15059,3.1926308456420346e-06
85086,pretrain,ep-7,,0.150558,3.187325373258483e-06
85136,pretrain,ep-7,,0.150583,3.1820223924916087e-06
85186,pretrain,ep-7,,0.15057,3.176721910434964e-06
85286,pretrain,ep-7,,0.150654,3.1661284708099014e-06
85386,pretrain,ep-7,,0.150668,3.155545111064757e-06
85536,pretrain,ep-7,,0.150692,3.139689095079803e-06
85636,pretrain,ep-7,,0.150763,3.129131182661191e-06
86036,pretrain,ep-7,,0.150874,3.087002875457137e-06
86086,pretrain,ep-7,,0.150875,3.081748579327325e-06
86136,pretrain,ep-7,,0.15084,3.0764969160395526e-06
86236,pretrain,ep-7,,0.150784,3.066001516086246e-06
86336,pretrain,ep-7,,0.150869,3.055516731754106e-06
86436,pretrain,ep-7,,0.150848,3.045042619143223e-06
86486,pretrain,ep-7,,0.150858,3.0398095822489298e-06
86536,pretrain,ep-7,,0.15088,3.034579234296594e-06
86586,pretrain,ep-7,,0.15088,3.0293515822826236e-06
86686,pretrain,ep-7,,0.150903,3.018904394037339e-06
86836,pretrain,ep-7,,0.150901,3.0032540059093454e-06
86936,pretrain,ep-7,,0.150876,2.992834091397151e-06
86986,pretrain,ep-7,,0.150848,2.987628258325874e-06
87036,pretrain,ep-7,,0.150843,2.9824251839971793e-06
87086,pretrain,ep-7,,0.150872,2.9772248753709964e-06
87136,pretrain,ep-7,,0.150856,2.9720273394035395e-06
87286,pretrain,ep-7,,0.150858,2.956451436960049e-06
87436,pretrain,ep-7,,0.150763,2.9409007385119416e-06
87636,pretrain,ep-7,,0.150714,2.9202060036637273e-06
87686,pretrain,ep-7,,0.150666,2.915039424985456e-06
87736,pretrain,ep-7,,0.150677,2.9098757021486103e-06
87836,pretrain,ep-7,,0.150737,2.8995568516245047e-06
87886,pretrain,ep-7,,0.15076,2.8944017377403064e-06
87936,pretrain,ep-7,,0.150771,2.889249507303647e-06
87986,pretrain,ep-7,,0.150788,2.884100167206439e-06
88186,pretrain,ep-7,,0.150802,2.863531847914753e-06
88336,pretrain,ep-7,,0.150827,2.848136294136633e-06
88386,pretrain,ep-7,,0.150856,2.843010324397838e-06
88486,pretrain,ep-7,,0.150867,2.8327672483476935e-06
88686,pretrain,ep-7,,0.150904,2.812316741697773e-06
88786,pretrain,ep-7,,0.150894,2.8021094205208724e-06
88836,pretrain,ep-7,,0.15091,2.797010266874233e-06
88886,pretrain,ep-7,,0.150896,2.7919141269513566e-06
88986,pretrain,ep-7,,0.150845,2.7817309155403655e-06
89036,pretrain,ep-7,,0.150815,2.7766438576738774e-06
89186,pretrain,ep-7,,0.150814,2.761400957074976e-06
89286,pretrain,ep-7,,0.150848,2.751254318798453e-06
89386,pretrain,ep-7,,0.150775,2.741119980235616e-06
89486,pretrain,ep-7,,0.150763,2.7309979956114644e-06
89686,pretrain,ep-7,,0.150761,2.7107913047483576e-06
89736,pretrain,ep-7,,0.150742,2.7057474377870548e-06
89836,pretrain,ep-7,,0.150748,2.6956691180131276e-06
89886,pretrain,ep-7,,0.150748,2.6906346786818195e-06
89986,pretrain,ep-7,,0.150783,2.6805752748022407e-06
90036,pretrain,ep-7,,0.150785,2.675550323709983e-06
90236,pretrain,ep-7,,0.150774,2.6554823484467393e-06
90286,pretrain,ep-7,,0.150745,2.650473345462424e-06
90386,pretrain,ep-7,,0.150746,2.6404649754087934e-06
90436,pretrain,ep-7,,0.150752,2.6354656217272283e-06
90486,pretrain,ep-7,,0.150747,2.630469497860485e-06
90636,pretrain,ep-7,,0.150768,2.6155005719584307e-06
90836,pretrain,ep-7,,0.150752,2.5955876264413266e-06
90886,pretrain,ep-7,,0.150747,2.5906175813196575e-06
90936,pretrain,ep-7,,0.150763,2.585650826004034e-06
91036,pretrain,ep-7,,0.150724,2.5757272113617266e-06
91086,pretrain,ep-7,,0.150715,2.5707703653094224e-06
91136,pretrain,ep-7,,0.150737,2.5658168356118897e-06
91286,pretrain,ep-7,,0.150727,2.5509762108868745e-06
91336,pretrain,ep-7,,0.150703,2.546036012825108e-06
91386,pretrain,ep-7,,0.150718,2.541099164204156e-06
91486,pretrain,ep-7,,0.150688,2.5312355416954188e-06
91636,pretrain,ep-7,,0.150623,2.5164653936873826e-06
91736,pretrain,ep-7,,0.150629,2.5066355623529242e-06
91786,pretrain,ep-7,,0.150613,2.501725746617152e-06
91836,pretrain,ep-7,,0.150602,2.496819339594061e-06
91936,pretrain,ep-7,,0.150585,2.4870167779336737e-06
91986,pretrain,ep-7,,0.150586,2.4821206364088283e-06
92086,pretrain,ep-7,,0.150596,2.4723386647165705e-06
92236,pretrain,ep-7,,0.150592,2.4576915836739903e-06
92286,pretrain,ep-7,,0.150586,2.45281614985363e-06
92386,pretrain,ep-7,,0.150589,2.443075711140496e-06
92736,pretrain,ep-7,,0.150601,2.4090943626896183e-06
92786,pretrain,ep-7,,0.150584,2.4042539629424784e-06
92836,pretrain,ep-7,,0.150593,2.3994171022916727e-06
92886,pretrain,ep-7,,0.150597,2.3945837872072483e-06
92936,pretrain,ep-7,,0.150622,2.3897540241545196e-06
92986,pretrain,ep-7,,0.150618,2.3849278195940403e-06
93136,pretrain,ep-7,,0.150599,2.370470621400256e-06
93186,pretrain,ep-7,,0.150594,2.3656587153190455e-06
93236,pretrain,ep-7,,0.150595,2.360850399961303e-06
93336,pretrain,ep-7,,0.150606,2.3512445671388952e-06
93386,pretrain,ep-7,,0.150627,2.346447062523524e-06
93436,pretrain,ep-7,,0.150604,2.3416531743301935e-06
93536,pretrain,ep-7,,0.150643,2.3320762728550903e-06
93586,pretrain,ep-7,,0.150639,2.3272932723839116e-06
93686,pretrain,ep-7,,0.150645,2.3177382039643212e-06
93836,pretrain,ep-7,,0.150669,2.303433028465614e-06
93886,pretrain,ep-7,,0.15067,2.298671976052982e-06
93936,pretrain,ep-7,,0.150673,2.293914603968989e-06
94036,pretrain,ep-7,,0.150659,2.284410926236896e-06
94236,pretrain,ep-7,,0.15068,2.265448014389379e-06
94286,pretrain,ep-7,,0.150663,2.2607165825133943e-06
94336,pretrain,ep-7,,0.15068,2.255988881737285e-06
94436,pretrain,ep-7,,0.150675,2.2465446987758302e-06
94536,pretrain,ep-7,,0.150654,2.2371155160372463e-06
94586,pretrain,ep-7,,0.150657,2.232406565520915e-06
94636,pretrain,ep-7,,0.150667,2.227701383973507e-06
94836,pretrain,ep-7,,0.150671,2.208918473275516e-06
94886,pretrain,ep-7,,0.150662,2.2042322308802593e-06
94936,pretrain,ep-7,,0.150664,2.1995497951414737e-06
95036,pretrain,ep-7,,0.150659,2.1901963686821556e-06
95136,pretrain,ep-7,,0.150654,2.180858243944192e-06
95186,pretrain,ep-7,,0.150668,2.176194935337907e-06
95236,pretrain,ep-7,,0.150668,2.171535470892329e-06
95336,pretrain,ep-7,,0.150659,2.162228099409184e-06
95467,pretrain,ep-7,,0.147707,2.1500588292355095e-06
95517,pretrain,ep-7,,0.149829,2.1454210847683564e-06
95617,pretrain,ep-7,,0.148908,2.1361572580091066e-06
95667,pretrain,ep-7,,0.149915,2.1315311881088136e-06
95867,pretrain,ep-7,,0.149667,2.113066009364235e-06
95967,pretrain,ep-7,,0.150129,2.103856966937711e-06
96067,pretrain,ep-7,,0.15006,2.0946636882018323e-06
96117,pretrain,ep-7,,0.150089,2.09007297559298e-06
96217,pretrain,ep-7,,0.150421,2.080903434597399e-06
96317,pretrain,ep-7,,0.150733,2.071749780108081e-06
96417,pretrain,ep-7,,0.15114,2.062612061102758e-06
96617,pretrain,ep-7,,0.151334,2.044384625028388e-06
96767,pretrain,ep-7,,0.151474,2.0307562416329645e-06
96867,pretrain,ep-7,,0.151509,2.0216908361126273e-06
96967,pretrain,ep-7,,0.151423,2.012641633922645e-06
97017,pretrain,ep-7,,0.151331,2.008123124210815e-06
97067,pretrain,ep-7,,0.151469,2.003608683481852e-06
97117,pretrain,ep-7,,0.151415,1.9990983177745174e-06
97217,pretrain,ep-7,,0.151409,1.9900898355525466e-06
97267,pretrain,ep-7,,0.151261,1.985591731088155e-06
97367,pretrain,ep-7,,0.151244,1.9766078255371105e-06
97417,pretrain,ep-7,,0.15134,1.9721220364678307e-06
97467,pretrain,ep-7,,0.151355,1.9676403645384647e-06
97517,pretrain,ep-7,,0.151286,1.9631628157439427e-06
97617,pretrain,ep-7,,0.151197,1.954220111511585e-06
97667,pretrain,ep-7,,0.151096,1.949754968036002e-06
97717,pretrain,ep-7,,0.151175,1.9452939716197635e-06
97917,pretrain,ep-7,,0.151234,1.9274915758103655e-06
98117,pretrain,ep-7,,0.151333,1.9097560093306367e-06
98267,pretrain,ep-7,,0.151132,1.8964984196162915e-06
98317,pretrain,ep-7,,0.151129,1.8920876517651586e-06
98367,pretrain,ep-7,,0.151137,1.8876811081123592e-06
98417,pretrain,ep-7,,0.151154,1.8832787945523356e-06
98567,pretrain,ep-7,,0.15126,1.8700972932883416e-06
98617,pretrain,ep-7,,0.151319,1.8657119589304894e-06
98667,pretrain,ep-7,,0.151407,1.8613308840525602e-06
98717,pretrain,ep-7,,0.151352,1.8569540745149236e-06
98767,pretrain,ep-7,,0.15137,1.8525815361722386e-06
98817,pretrain,ep-7,,0.151343,1.8482132748734576e-06
99017,pretrain,ep-7,,0.151351,1.8307831168959388e-06
99067,pretrain,ep-7,,0.151317,1.8264363283503962e-06
99117,pretrain,ep-7,,0.15125,1.8220938518220314e-06
99217,pretrain,ep-7,,0.151172,1.8134218580460171e-06
99267,pretrain,ep-7,,0.151104,1.809092352398504e-06
99317,pretrain,ep-7,,0.151092,1.8047671819684351e-06
99417,pretrain,ep-7,,0.151008,1.7961298698971638e-06
99517,pretrain,ep-7,,0.150977,1.7875099680471757e-06
99667,pretrain,ep-7,,0.151069,1.774612860303039e-06
99717,pretrain,ep-7,,0.151087,1.7703225794049106e-06
99767,pretrain,ep-7,,0.151126,1.7660366855848164e-06
99817,pretrain,ep-7,,0.151163,1.761755184575808e-06
99867,pretrain,ep-7,,0.151161,1.757478082105056e-06
99917,pretrain,ep-7,,0.151201,1.7532053838938514e-06
99967,pretrain,ep-7,,0.151123,1.748937095657593e-06
100067,pretrain,ep-7,,0.151114,1.7404137719419965e-06
100167,pretrain,ep-7,,0.15115,1.731908156563327e-06
100267,pretrain,ep-7,,0.151206,1.7234202950318988e-06
100417,pretrain,ep-7,,0.151188,1.7107218905183077e-06
100517,pretrain,ep-7,,0.1512,1.7022786120885991e-06
100567,pretrain,ep-7,,0.151168,1.6980636871978105e-06
100617,pretrain,ep-7,,0.151174,1.6938532460425505e-06
100717,pretrain,ep-7,,0.151159,1.6854458374610967e-06
100767,pretrain,ep-7,,0.151179,1.6812488812811142e-06
100817,pretrain,ep-7,,0.151179,1.6770564313290772e-06
100967,pretrain,ep-7,,0.151144,1.6645061748909794e-06
101067,pretrain,ep-7,,0.151086,1.6561619710585288e-06
101167,pretrain,ep-7,,0.151037,1.6478359263623404e-06
101217,pretrain,ep-7,,0.151074,1.6436797276158659e-06
101267,pretrain,ep-7,,0.151014,1.6395280853519168e-06
101317,pretrain,ep-7,,0.150993,1.6353810051239574e-06
101367,pretrain,ep-7,,0.151006,1.6312384924793514e-06
101517,pretrain,ep-7,,0.150963,1.6188384154276133e-06
101567,pretrain,ep-7,,0.150964,1.6147142284677597e-06
101717,pretrain,ep-7,,0.150967,1.6023692609946898e-06
101917,pretrain,ep-7,,0.150912,1.5859738943054431e-06
102067,pretrain,ep-7,,0.150895,1.5737260036437665e-06
102117,pretrain,ep-7,,0.150875,1.5696526662608743e-06
102267,pretrain,ep-7,,0.150888,1.5574606089072563e-06
102317,pretrain,ep-7,,0.150894,1.553405926175258e-06
102417,pretrain,ep-7,,0.150892,1.545310597842043e-06
102567,pretrain,ep-7,,0.150848,1.533202779337855e-06
102667,pretrain,ep-7,,0.150813,1.525154412650244e-06
102717,pretrain,ep-7,,0.150765,1.5211372991593464e-06
102867,pretrain,ep-7,,0.150803,1.509114302561482e-06
102917,pretrain,ep-7,,0.150809,1.505116102856722e-06
102967,pretrain,ep-7,,0.15081,1.5011226449848576e-06
103117,pretrain,ep-7,,0.15081,1.4891707757535978e-06
103167,pretrain,ep-7,,0.150801,1.485196338568492e-06
103217,pretrain,ep-7,,0.150756,1.4812266698620622e-06
103267,pretrain,ep-7,,0.150779,1.4772617749443582e-06
103317,pretrain,ep-7,,0.150773,1.4733016591190426e-06
103367,pretrain,ep-7,,0.150729,1.4693463276833835e-06
103417,pretrain,ep-7,,0.150732,1.4653957859282552e-06
103467,pretrain,ep-7,,0.150728,1.461450039138117e-06
103517,pretrain,ep-7,,0.150705,1.4575090925910193e-06
103717,pretrain,ep-7,,0.150709,1.4417934141691467e-06
103767,pretrain,ep-7,,0.150717,1.4378765477830127e-06
103867,pretrain,ep-7,,0.150686,1.4300573155724405e-06
103967,pretrain,ep-7,,0.150677,1.4222574522981327e-06
104017,pretrain,ep-7,,0.150681,1.4183647970580403e-06
104167,pretrain,ep-7,,0.150706,1.406715999390862e-06
104217,pretrain,ep-7,,0.150711,1.402842806832921e-06
104267,pretrain,ep-7,,0.150704,1.398974492914298e-06
104317,pretrain,ep-7,,0.150703,1.3951110628094663e-06
104367,pretrain,ep-7,,0.150748,1.391252521686363e-06
104567,pretrain,ep-7,,0.150787,1.3758673501409443e-06
104767,pretrain,ep-7,,0.150787,1.3605608140349654e-06
104817,pretrain,ep-7,,0.150772,1.356746505223279e-06
104867,pretrain,ep-7,,0.150778,1.3529371367118764e-06
104967,pretrain,ep-7,,0.15079,1.3453332409657907e-06
105067,pretrain,ep-7,,0.15081,1.3377491674822663e-06
105167,pretrain,ep-7,,0.150801,1.330184956840796e-06
105217,pretrain,ep-7,,0.150803,1.326410312737865e-06
105317,pretrain,ep-7,,0.150779,1.318875972213474e-06
105417,pretrain,ep-7,,0.15077,1.3113615955144234e-06
105467,pretrain,ep-7,,0.15078,1.307611906168132e-06
105567,pretrain,ep-7,,0.150811,1.3001275505609724e-06
105767,pretrain,ep-7,,0.150798,1.2852190717082744e-06
105817,pretrain,ep-7,,0.150811,1.2815045294962475e-06
105867,pretrain,ep-7,,0.150811,1.2777950282323357e-06
105917,pretrain,ep-7,,0.150818,1.2740905728785717e-06
105967,pretrain,ep-7,,0.150825,1.2703911683902405e-06
106017,pretrain,ep-7,,0.150823,1.2666968197158708e-06
106267,pretrain,ep-7,,0.150792,1.2483010862781511e-06
106317,pretrain,ep-7,,0.150805,1.2446371760274528e-06
106417,pretrain,ep-7,,0.150817,1.237324631212076e-06
106467,pretrain,ep-7,,0.150825,1.2336760064290647e-06
106517,pretrain,ep-7,,0.150813,1.230032486572247e-06
106767,pretrain,ep-7,,0.150811,1.2118916315237758e-06
106867,pretrain,ep-7,,0.150813,1.2046711940428927e-06
106917,pretrain,ep-7,,0.150822,1.201068688476509e-06
107117,pretrain,ep-7,,0.15081,1.1867101997322118e-06
107217,pretrain,ep-7,,0.150811,1.1795619426721282e-06
107267,pretrain,ep-7,,0.150804,1.1759955777215816e-06
107317,pretrain,ep-7,,0.15081,1.1724343948537616e-06
107367,pretrain,ep-7,,0.150791,1.1688783988323057e-06
107417,pretrain,ep-7,,0.150799,1.1653275944139092e-06
107567,pretrain,ep-7,,0.150817,1.1547063782398446e-06
107667,pretrain,ep-7,,0.150813,1.1476516123657506e-06
107717,pretrain,ep-7,,0.150821,1.144132057067014e-06
107967,pretrain,ep-7,,0.150816,1.1266127450646681e-06
108117,pretrain,ep-7,,0.150818,1.1161640980607462e-06
108317,pretrain,ep-7,,0.150806,1.1023062599486567e-06
108417,pretrain,ep-7,,0.150827,1.095409006295045e-06
108467,pretrain,ep-7,,0.150833,1.0919683119831478e-06
108667,pretrain,ep-7,,0.150814,1.0782585254764077e-06
108717,pretrain,ep-7,,0.150811,1.0748443494586509e-06
108817,pretrain,ep-7,,0.150823,1.0680319541476402e-06
108867,pretrain,ep-7,,0.150815,1.0646337439670247e-06
108917,pretrain,ep-7,,0.150824,1.0612408648328878e-06
108967,pretrain,ep-7,,0.150816,1.0578533212837351e-06
109017,pretrain,ep-7,,0.150804,1.0544711178509307e-06
109298,pretrain,ep-9,,0.124752,1.0355626858481728e-06
109448,pretrain,ep-9,,0.124046,1.0255385992791443e-06
109498,pretrain,ep-9,,0.124046,1.0222079978218234e-06
109548,pretrain,ep-9,,0.124163,1.0188827841620098e-06
109598,pretrain,ep-9,,0.124037,1.0155629627476897e-06
109648,pretrain,ep-9,,0.123956,1.0122485380196447e-06
109698,pretrain,ep-9,,0.12444,1.0089395144114308e-06
109748,pretrain,ep-9,,0.124412,1.0056358963493796e-06
109798,pretrain,ep-9,,0.124385,1.0023376882525959e-06
109848,pretrain,ep-9,,0.124421,9.99044894532943e-07
109948,pretrain,ep-9,,0.124168,9.924755678362776e-07
109998,pretrain,ep-9,,0.124236,9.891990436467594e-07
110098,pretrain,ep-9,,0.124412,9.826622954996485e-07
110148,pretrain,ep-9,,0.124429,9.794020802859723e-07
110198,pretrain,ep-9,,0.124564,9.761473101293658e-07
110298,pretrain,ep-9,,0.124505,9.696541223951195e-07
110698,pretrain,ep-9,,0.124408,9.439000409166615e-07
110748,pretrain,ep-9,,0.124495,9.407054521294898e-07
111298,pretrain,ep-9,,0.124635,9.059287004311701e-07
111348,pretrain,ep-9,,0.124574,9.028003534099578e-07
111398,pretrain,ep-9,,0.124634,8.996775539125285e-07
111448,pretrain,ep-9,,0.124671,8.965603061161061e-07
111598,pretrain,ep-9,,0.124748,8.872419145937681e-07
111748,pretrain,ep-9,,0.124776,8.779736380472194e-07
111798,pretrain,ep-9,,0.124801,8.748953684957829e-07
111848,pretrain,ep-9,,0.124725,8.718226837953767e-07
111948,pretrain,ep-9,,0.124765,8.656940853809602e-07
111998,pretrain,ep-9,,0.124809,8.626381798649016e-07
112048,pretrain,ep-9,,0.124778,8.595878755957683e-07
112098,pretrain,ep-9,,0.124714,8.565431766538169e-07
112148,pretrain,ep-9,,0.124721,8.535040871118066e-07
112198,pretrain,ep-9,,0.124684,8.504706110349895e-07
112248,pretrain,ep-9,,0.124632,8.47442752481114e-07
112298,pretrain,ep-9,,0.124659,8.444205155004086e-07
112348,pretrain,ep-9,,0.124664,8.414039041355843e-07
112398,pretrain,ep-9,,0.124671,8.383929224218299e-07
112448,pretrain,ep-9,,0.124671,8.353875743867993e-07
112548,pretrain,ep-9,,0.12465,8.293937954258513e-07
112648,pretrain,ep-9,,0.124631,8.234225993231692e-07
112798,pretrain,ep-9,,0.124694,8.145082178850621e-07
112898,pretrain,ep-9,,0.124691,8.085936184428026e-07
113298,pretrain,ep-9,,0.124821,7.851624768400733e-07
113348,pretrain,ep-9,,0.124767,7.822592151343768e-07
113398,pretrain,ep-9,,0.124778,7.793616621949583e-07
113498,pretrain,ep-9,,0.124813,7.735836981110225e-07
113598,pretrain,ep-9,,0.124822,7.678286155039553e-07
113698,pretrain,ep-9,,0.124856,7.620964451670131e-07
113748,pretrain,ep-9,,0.12488,7.592389616892149e-07
113798,pretrain,ep-9,,0.124873,7.563872177708597e-07
113848,pretrain,ep-9,,0.124878,7.535412172265979e-07
113948,pretrain,ep-9,,0.124881,7.478664614805403e-07
114098,pretrain,ep-9,,0.124925,7.393974980913947e-07
114198,pretrain,ep-9,,0.124928,7.337803467073962e-07
114248,pretrain,ep-9,,0.12493,7.309804295603174e-07
114298,pretrain,ep-9,,0.124924,7.281862897728575e-07
114348,pretrain,ep-9,,0.124907,7.253979310826148e-07
114398,pretrain,ep-9,,0.124872,7.226153572194512e-07
114548,pretrain,ep-9,,0.124868,7.14302381774957e-07
114698,pretrain,ep-9,,0.124853,7.060416033058144e-07
114898,pretrain,ep-9,,0.124814,6.951085991078469e-07
114948,pretrain,ep-9,,0.124825,6.923899022968567e-07
114998,pretrain,ep-9,,0.124852,6.896770344663108e-07
115098,pretrain,ep-9,,0.12483,6.842688002542822e-07
115148,pretrain,ep-9,,0.124853,6.81573441107152e-07
115198,pretrain,ep-9,,0.124842,6.788839254091628e-07
115248,pretrain,ep-9,,0.12482,6.762002567579627e-07
115448,pretrain,ep-9,,0.12482,6.65524124300083e-07
115598,pretrain,ep-9,,0.124888,6.575785940680923e-07
115648,pretrain,ep-9,,0.124898,6.54941830366844e-07
115748,pretrain,ep-9,,0.124861,6.496859437027412e-07
115948,pretrain,ep-9,,0.124879,6.392448315906711e-07
116048,pretrain,ep-9,,0.124874,6.340596620091217e-07
116098,pretrain,ep-9,,0.124864,6.314759359956339e-07
116148,pretrain,ep-9,,0.124875,6.28898120444482e-07
116248,pretrain,ep-9,,0.124888,6.237602345141982e-07
116298,pretrain,ep-9,,0.124919,6.212001710077845e-07
116448,pretrain,ep-9,,0.124906,6.135555393934648e-07
116548,pretrain,ep-9,,0.124889,6.084887848044591e-07
116648,pretrain,ep-9,,0.124883,6.034457950524006e-07
116748,pretrain,ep-9,,0.124891,5.984265971204084e-07
116948,pretrain,ep-9,,0.12487,5.88459684012449e-07
116998,pretrain,ep-9,,0.124891,5.859828674308549e-07
117098,pretrain,ep-9,,0.124842,5.810471515219569e-07
117148,pretrain,ep-9,,0.124854,5.785882587969394e-07
117248,pretrain,ep-9,,0.124858,5.736884202515257e-07
117298,pretrain,ep-9,,0.12485,5.712474809854215e-07
117498,pretrain,ep-9,,0.124896,5.615436667246526e-07
117548,pretrain,ep-9,,0.12489,5.591327150858215e-07
117648,pretrain,ep-9,,0.124866,5.543288367230492e-07
117698,pretrain,ep-9,,0.124865,5.519359164250415e-07
117748,pretrain,ep-9,,0.124893,5.495490129865036e-07
117898,pretrain,ep-9,,0.124899,5.424244357159803e-07
118098,pretrain,ep-9,,0.124902,5.330094281664608e-07
118148,pretrain,ep-9,,0.124909,5.306707738694653e-07
118198,pretrain,ep-9,,0.124909,5.283381648773718e-07
118298,pretrain,ep-9,,0.124917,5.236910952807063e-07
118348,pretrain,ep-9,,0.124911,5.213766408923127e-07
118398,pretrain,ep-9,,0.124914,5.190682442411665e-07
118548,pretrain,ep-9,,0.124954,5.121794315490709e-07
118598,pretrain,ep-9,,0.124953,5.098952966442156e-07
118648,pretrain,ep-9,,0.12494,5.076172348346903e-07
118748,pretrain,ep-9,,0.124942,5.030793426825498e-07
118898,pretrain,ep-9,,0.124973,4.963181285866146e-07
118998,pretrain,ep-9,,0.124959,4.918411037826162e-07
119048,pretrain,ep-9,,0.124966,4.896117357539027e-07
119098,pretrain,ep-9,,0.12498,4.873884679529331e-07
119198,pretrain,ep-9,,0.124995,4.829602449219234e-07
119248,pretrain,ep-9,,0.124996,4.807552956153199e-07
119348,pretrain,ep-9,,0.124987,4.763637361672244e-07
119498,pretrain,ep-9,,0.124973,4.698222889044289e-07
119548,pretrain,ep-9,,0.124967,4.676540560011147e-07
119648,pretrain,ep-9,,0.124978,4.633359818852882e-07
119998,pretrain,ep-9,,0.124979,4.4841613718534384e-07
120048,pretrain,ep-9,,0.124974,4.463093294390624e-07
120098,pretrain,ep-9,,0.124964,4.4420867984422054e-07
120148,pretrain,ep-9,,0.124968,4.421141912107617e-07
120198,pretrain,ep-9,,0.124964,4.4002586634039214e-07
120248,pretrain,ep-9,,0.124941,4.379437080265686e-07
120398,pretrain,ep-9,,0.124941,4.317342602352166e-07
120448,pretrain,ep-9,,0.124946,4.296767959171402e-07
120498,pretrain,ep-9,,0.124942,4.2762551199909897e-07
120598,pretrain,ep-9,,0.124935,4.235414963305009e-07
120648,pretrain,ep-9,,0.124945,4.215087700429469e-07
120698,pretrain,ep-9,,0.124944,4.194822350814336e-07
120798,pretrain,ep-9,,0.12494,4.154477499714608e-07
120848,pretrain,ep-9,,0.124914,4.1343980521975323e-07
120948,pretrain,ep-9,,0.124899,4.0944252475258056e-07
121098,pretrain,ep-9,,0.124908,4.0349316668253435e-07
121148,pretrain,ep-9,,0.12492,4.015224746466044e-07
121198,pretrain,ep-9,,0.124916,3.9955800067148877e-07
121298,pretrain,ep-9,,0.124904,3.9564771740653617e-07
121498,pretrain,ep-9,,0.124877,3.879018826714152e-07
121548,pretrain,ep-9,,0.124872,3.85981008233869e-07
121598,pretrain,ep-9,,0.124875,3.8406637264626294e-07
121698,pretrain,ep-9,,0.124887,3.802558282570141e-07
121798,pretrain,ep-9,,0.12489,3.764702698924396e-07
121848,pretrain,ep-9,,0.124897,3.7458686680434474e-07
121898,pretrain,ep-9,,0.124897,3.7270971780762457e-07
122098,pretrain,ep-9,,0.124868,3.6526371282849785e-07
122148,pretrain,ep-9,,0.124856,3.6341787178589264e-07
122198,pretrain,ep-9,,0.124851,3.615782997749269e-07
122298,pretrain,ep-9,,0.124844,3.57917972682382e-07
122398,pretrain,ep-9,,0.12485,3.542827511358807e-07
122448,pretrain,ep-9,,0.124848,3.5247456102598703e-07
122498,pretrain,ep-9,,0.124847,3.506726545861114e-07
122598,pretrain,ep-9,,0.124871,3.470877023493264e-07
122729,pretrain,ep-9,,0.128047,3.4242949152640994e-07
122779,pretrain,ep-9,,0.126473,3.4066294390850723e-07
122879,pretrain,ep-9,,0.125563,3.3714874943698227e-07
122929,pretrain,ep-9,,0.125029,3.354011072841409e-07
123129,pretrain,ep-9,,0.125098,3.284736270077995e-07
123229,pretrain,ep-9,,0.124819,3.250477722741244e-07
123329,pretrain,ep-9,,0.124847,3.216471989624315e-07
123379,pretrain,ep-9,,0.124903,3.199563985311076e-07
123479,pretrain,ep-9,,0.125023,3.1659378142604016e-07
123579,pretrain,ep-9,,0.124976,3.132564909770441e-07
123679,pretrain,ep-9,,0.12533,3.0994454504069194e-07
123879,pretrain,ep-9,,0.125244,3.033967574540635e-07
124029,pretrain,ep-9,,0.125255,2.98552576922154e-07
124129,pretrain,ep-9,,0.125097,2.9535489862954134e-07
124229,pretrain,ep-9,,0.124938,2.921826606341815e-07
124279,pretrain,ep-9,,0.125031,2.906060870574913e-07
124329,pretrain,ep-9,,0.124979,2.8903587990951505e-07
124379,pretrain,ep-9,,0.124922,2.874720412906481e-07
124479,pretrain,ep-9,,0.125006,2.843634779992295e-07
124529,pretrain,ep-9,,0.124968,2.828187574848638e-07
124629,pretrain,ep-9,,0.124957,2.797484490503356e-07
124679,pretrain,ep-9,,0.125055,2.782228652371884e-07
124729,pretrain,ep-9,,0.125027,2.7670366441723767e-07
124779,pretrain,ep-9,,0.124991,2.751908486226499e-07
124879,pretrain,ep-9,,0.124971,2.7218438019552564e-07
124929,pretrain,ep-9,,0.124936,2.706907315846079e-07
124979,pretrain,ep-9,,0.124996,2.692034760422852e-07
125179,pretrain,ep-9,,0.125036,2.6331842421932315e-07
125379,pretrain,ep-9,,0.124938,2.57535819108289e-07
125529,pretrain,ep-9,,0.12481,2.532661704627552e-07
125579,pretrain,ep-9,,0.124798,2.518557844710979e-07
125629,pretrain,ep-9,,0.124839,2.504518167427033e-07
125679,pretrain,ep-9,,0.124909,2.4905426915559704e-07
125829,pretrain,ep-9,,0.124949,2.449001658934204e-07
125879,pretrain,ep-9,,0.124929,2.4352831747991854e-07
125929,pretrain,ep-9,,0.124918,2.421628984689608e-07
125979,pretrain,ep-9,,0.12496,2.408039106870071e-07
126029,pretrain,ep-9,,0.124999,2.394513559519139e-07
126079,pretrain,ep-9,,0.124991,2.3810523607293402e-07
126279,pretrain,ep-9,,0.124869,2.3278514100186925e-07
126329,pretrain,ep-9,,0.124828,2.314712222408853e-07
126379,pretrain,ep-9,,0.124809,2.3016374901068276e-07
126479,pretrain,ep-9,,0.124779,2.2756814612979262e-07
126529,pretrain,ep-9,,0.124796,2.2628001995112705e-07
126579,pretrain,ep-9,,0.124796,2.2499834624728285e-07
126679,pretrain,ep-9,,0.124808,2.2245436311317422e-07
126779,pretrain,ep-9,,0.124742,2.199362103393535e-07
126929,pretrain,ep-9,,0.124741,2.1620744254002113e-07
126979,pretrain,ep-9,,0.124744,2.1497744962900338e-07
127029,pretrain,ep-9,,0.124714,2.1375392431174996e-07
127079,pretrain,ep-9,,0.124707,2.125368682249166e-07
127129,pretrain,ep-9,,0.124719,2.1132628299650444e-07
127179,pretrain,ep-9,,0.124718,2.1012217024585975e-07
127229,pretrain,ep-9,,0.124729,2.0892453158367036e-07
127329,pretrain,ep-9,,0.124688,2.0654868292410595e-07
127429,pretrain,ep-9,,0.124659,2.0419874973007324e-07
127529,pretrain,ep-9,,0.124618,2.0187474457517137e-07
127679,pretrain,ep-9,,0.124635,1.9843737907951002e-07
127779,pretrain,ep-9,,0.124636,1.9617824812134123e-07
127829,pretrain,ep-9,,0.124652,1.9505842099986944e-07
127879,pretrain,ep-9,,0.124664,1.9394508811695647e-07
127979,pretrain,ep-9,,0.124686,1.9173791101514467e-07
128029,pretrain,ep-9,,0.124698,1.9064406974868777e-07
128079,pretrain,ep-9,,0.124698,1.8955672862567155e-07
128229,pretrain,ep-9,,0.124681,1.8633372061865544e-07
128329,pretrain,ep-9,,0.124685,1.8421757576483294e-07
128429,pretrain,ep-9,,0.124722,1.82127465861802e-07
128479,pretrain,ep-9,,0.124742,1.8109217751708307e-07
128529,pretrain,ep-9,,0.124721,1.8006340209294508e-07
128579,pretrain,ep-9,,0.124723,1.790411409655335e-07
128629,pretrain,ep-9,,0.12469,1.780253955022826e-07
128779,pretrain,ep-9,,0.124725,1.7501726664107458e-07
128829,pretrain,ep-9,,0.124726,1.7402759733445318e-07
128979,pretrain,ep-9,,0.124775,1.7109772888963146e-07
129179,pretrain,ep-9,,0.124733,1.672826115989157e-07
129329,pretrain,ep-9,,0.124758,1.644898487616002e-07
129379,pretrain,ep-9,,0.124731,1.635719964217806e-07
129529,pretrain,ep-9,,0.124706,1.6085766240894877e-07
129579,pretrain,ep-9,,0.124716,1.5996596277448422e-07
129679,pretrain,ep-9,,0.124681,1.5820218823011452e-07
129829,pretrain,ep-9,,0.124658,1.5560560585423232e-07
129929,pretrain,ep-9,,0.124666,1.5390728407149114e-07
129979,pretrain,ep-9,,0.124683,1.5306794654126538e-07
130129,pretrain,ep-9,,0.124714,1.5058924084180813e-07
130179,pretrain,ep-9,,0.124739,1.4977611158978897e-07
130229,pretrain,ep-9,,0.12475,1.4896953714845296e-07
130379,pretrain,ep-9,,0.124775,1.465891534338822e-07
130429,pretrain,ep-9,,0.124788,1.4580880893676312e-07
130479,pretrain,ep-9,,0.124789,1.4503502455721044e-07
130529,pretrain,ep-9,,0.124773,1.4426780133028178e-07
130579,pretrain,ep-9,,0.124779,1.4350714028225684e-07
130629,pretrain,ep-9,,0.1248,1.4275304243063798e-07
130679,pretrain,ep-9,,0.124826,1.4200550878414826e-07
130729,pretrain,ep-9,,0.124812,1.4126454034273032e-07
130779,pretrain,ep-9,,0.124801,1.405301380975439e-07
130979,pretrain,ep-9,,0.124768,1.3765821059488315e-07
131029,pretrain,ep-9,,0.12474,1.3695665389080116e-07
131129,pretrain,ep-9,,0.124765,1.355732572883852e-07
131229,pretrain,ep-9,,0.124759,1.342161559140045e-07
131279,pretrain,ep-9,,0.124757,1.3354746821199067e-07
131429,pretrain,ep-9,,0.124718,1.315808677539464e-07
131479,pretrain,ep-9,,0.12472,1.3093849140685625e-07
131529,pretrain,ep-9,,0.124726,1.3030269506869356e-07
131579,pretrain,ep-9,,0.124716,1.2967347958993303e-07
131629,pretrain,ep-9,,0.124733,1.290508458122492e-07
131829,pretrain,ep-9,,0.12476,1.2662614423758134e-07
132029,pretrain,ep-9,,0.124805,1.243068149244958e-07
132079,pretrain,ep-9,,0.124799,1.2374345287877397e-07
132129,pretrain,ep-9,,0.124789,1.2318668046646073e-07
132229,pretrain,ep-9,,0.124794,1.2209290751232162e-07
132329,pretrain,ep-9,,0.124807,1.2102550191444137e-07
132429,pretrain,ep-9,,0.1248,1.1998446938410115e-07
132479,pretrain,ep-9,,0.1248,1.194738447654493e-07
132579,pretrain,ep-9,,0.124836,1.1847238223638062e-07
132679,pretrain,ep-9,,0.12481,1.1749730643562438e-07
132729,pretrain,ep-9,,0.124801,1.1701966519427276e-07
132829,pretrain,ep-9,,0.124821,1.160841792242185e-07
133029,pretrain,ep-9,,0.124822,1.1429241066832065e-07
133079,pretrain,ep-9,,0.124819,1.138609727425541e-07
133129,pretrain,ep-9,,0.124818,1.1343613766954883e-07
133179,pretrain,ep-9,,0.124803,1.1301790601758654e-07
133229,pretrain,ep-9,,0.124795,1.1260627834611808e-07
133279,pretrain,ep-9,,0.124787,1.1220125520575895e-07
133529,pretrain,ep-9,,0.124748,1.1027522612369984e-07
133579,pretrain,ep-9,,0.124754,1.099098412381444e-07
133679,pretrain,ep-9,,0.124762,1.0919889636099241e-07
133729,pretrain,ep-9,,0.124747,1.0885333732039473e-07
133779,pretrain,ep-9,,0.124738,1.0851438783104781e-07
134029,pretrain,ep-9,,0.124729,1.0691879921251571e-07
134129,pretrain,ep-9,,0.124763,1.063268458118918e-07
134179,pretrain,ep-9,,0.124782,1.0604078831207235e-07
134379,pretrain,ep-9,,0.124795,1.0496269514128204e-07
134479,pretrain,ep-9,,0.124795,1.044633356694231e-07
134529,pretrain,ep-9,,0.1248,1.0422357890405346e-07
134579,pretrain,ep-9,,0.124805,1.0399043788295538e-07
134629,pretrain,ep-9,,0.124802,1.0376391291799234e-07
134679,pretrain,ep-9,,0.124797,1.0354400431217535e-07
134829,pretrain,ep-9,,0.12481,1.0292397954697046e-07
134929,pretrain,ep-9,,0.124812,1.0254371665617461e-07
134979,pretrain,ep-9,,0.124813,1.0236351207284726e-07
135229,pretrain,ep-9,,0.124801,1.015617671533921e-07
135379,pretrain,ep-9,,0.124805,1.0116015016179366e-07
135579,pretrain,ep-9,,0.124786,1.0071733927856501e-07
135679,pretrain,ep-9,,0.124807,1.0053565587323381e-07
135729,pretrain,ep-9,,0.124813,1.0045474512818826e-07
135929,pretrain,ep-9,,0.124803,1.0019731095419271e-07
135979,pretrain,ep-9,,0.12479,1.0014950504268862e-07
136079,pretrain,ep-9,,0.124775,1.0007375685670817e-07
136129,pretrain,ep-9,,0.124769,1.0004581468355639e-07
136179,pretrain,ep-9,,0.124765,1.0002449384308503e-07
136229,pretrain,ep-9,,0.124759,1.0000979436381457e-07
136279,pretrain,ep-9,,0.12475,1.0000171626540766e-07
136360,pretrain,ep-10,,0.123132,1.0000268166460614e-07
136410,pretrain,ep-10,,0.123212,1.0001195161260153e-07
136460,pretrain,ep-10,,0.124276,1.0002784293855942e-07
136510,pretrain,ep-10,,0.124154,1.0005035562122275e-07
136560,pretrain,ep-10,,0.124327,1.0007948963047676e-07
136610,pretrain,ep-10,,0.123784,1.0011524492735103e-07
136660,pretrain,ep-10,,0.123914,1.0015762146401676e-07
136710,pretrain,ep-10,,0.123655,1.0020661918378897e-07
136760,pretrain,ep-10,,0.123786,1.0026223802112542e-07
136810,pretrain,ep-10,,0.123776,1.0032447790162721e-07
136860,pretrain,ep-10,,0.123719,1.003933387420387e-07
136910,pretrain,ep-10,,0.123784,1.0046882045024862e-07
136960,pretrain,ep-10,,0.124,1.0055092292528783e-07
137010,pretrain,ep-10,,0.123894,1.0063964605733113e-07
137060,pretrain,ep-10,,0.123712,1.0073498972769872e-07
137110,pretrain,ep-10,,0.1236,1.0083695380885253e-07
137160,pretrain,ep-10,,0.123571,1.0094553816440045e-07
137210,pretrain,ep-10,,0.123563,1.0106074264909365e-07
137260,pretrain,ep-10,,0.123644,1.0118256710882824e-07
137310,pretrain,ep-10,,0.123657,1.0131101138064525e-07
137360,pretrain,ep-10,,0.123814,1.0144607529273017e-07
137410,pretrain,ep-10,,0.123954,1.0158775866441445e-07
137460,pretrain,ep-10,,0.124021,1.017360613061745e-07
137510,pretrain,ep-10,,0.12426,1.0189098301963277e-07
137560,pretrain,ep-10,,0.124269,1.020525235975566e-07
137610,pretrain,ep-10,,0.124202,1.0222068282386109e-07
137660,pretrain,ep-10,,0.124313,1.0239546047360725e-07
137710,pretrain,ep-10,,0.124305,1.0257685631300162e-07
137760,pretrain,ep-10,,0.12431,1.027648700994007e-07
137810,pretrain,ep-10,,0.124495,1.0295950158130538e-07
137860,pretrain,ep-10,,0.124482,1.0316075049836741e-07
137910,pretrain,ep-10,,0.124484,1.0336861658138354e-07
137960,pretrain,ep-10,,0.124491,1.0358309955230142e-07
138010,pretrain,ep-10,,0.124597,1.0380419912421656e-07
138060,pretrain,ep-10,,0.124678,1.0403191500137415e-07
138110,pretrain,ep-10,,0.124608,1.0426624687916827e-07
138160,pretrain,ep-10,,0.124568,1.0450719444414456e-07
138210,pretrain,ep-10,,0.124559,1.0475475737399737e-07
138260,pretrain,ep-10,,0.124555,1.0500893533757312e-07
138310,pretrain,ep-10,,0.124662,1.0526972799486926e-07
138360,pretrain,ep-10,,0.124686,1.055371349970353e-07
138410,pretrain,ep-10,,0.124682,1.0581115598637226e-07
138460,pretrain,ep-10,,0.124674,1.0609179059633542e-07
138510,pretrain,ep-10,,0.124649,1.0637903845153165e-07
138560,pretrain,ep-10,,0.1246,1.0667289916772254e-07
138578,finetune,ft-11,,0.122605,1.0678030777849706e-07
138610,pretrain,ep-10,,0.124615,1.0697337235182412e-07
138628,finetune,ft-11,,0.1248,1.070831613531156e-07
138660,pretrain,ep-10,,0.124642,1.0728045760190601e-07
138678,finetune,ft-11,,0.124542,1.0739262684685487e-07
138710,pretrain,ep-10,,0.12462,1.0759415450719492e-07
138728,finetune,ft-11,,0.124616,1.0770870384575743e-07
138760,pretrain,ep-10,,0.124558,1.0791446264807175e-07
138778,finetune,ft-11,,0.125363,1.0803139192702001e-07
138810,pretrain,ep-10,,0.124584,1.082413815960745e-07
138828,finetune,ft-11,,0.125647,1.0836069065899816e-07
138860,pretrain,ep-10,,0.124607,1.0857491091389929e-07
138878,finetune,ft-11,,0.125108,1.0869659960120327e-07
138910,pretrain,ep-10,,0.124603,1.089150501553976e-07
138928,finetune,ft-11,,0.125155,1.0903911830430486e-07
138960,pretrain,ep-10,,0.124721,1.0926179886558127e-07
138978,finetune,ft-11,,0.124943,1.0938824631013115e-07
139010,pretrain,ep-10,,0.124764,1.0961515658061965e-07
139028,finetune,ft-11,,0.125009,1.0974398315166956e-07
139060,pretrain,ep-10,,0.124771,1.0997512282784243e-07
139078,finetune,ft-11,,0.125059,1.1010632835306615e-07
139110,pretrain,ep-10,,0.124723,1.1034169712573797e-07
139128,finetune,ft-11,,0.12512,1.1047528142962791e-07
139160,pretrain,ep-10,,0.124739,1.107148789839567e-07
139178,finetune,ft-11,,0.125155,1.1085084188782328e-07
139210,pretrain,ep-10,,0.124721,1.1109466790330974e-07
139228,finetune,ft-11,,0.125284,1.1123300922528147e-07
139260,pretrain,ep-10,,0.124661,1.1148106337577091e-07
139278,finetune,ft-11,,0.125306,1.1162178293079428e-07
139310,pretrain,ep-10,,0.124645,1.118740648844758e-07
139328,finetune,ft-11,,0.125347,1.1201716248431652e-07
139360,pretrain,ep-10,,0.124678,1.1227367190372378e-07
139378,finetune,ft-11,,0.12537,1.1241914735696721e-07
139410,pretrain,ep-10,,0.124724,1.1267988389897834e-07
139428,finetune,ft-11,,0.12521,1.1282773701102842e-07
139460,pretrain,ep-10,,0.124764,1.1309270032686815e-07
139478,finetune,ft-11,,0.125155,1.1324293089994797e-07
139510,pretrain,ep-10,,0.124762,1.1351212063518675e-07
139528,finetune,ft-11,,0.125322,1.1366472846833971e-07
139560,pretrain,ep-10,,0.124729,1.1393814426289452e-07
139578,finetune,ft-11,,0.125475,1.1409312915198364e-07
139610,pretrain,ep-10,,0.124741,1.1437077064011825e-07
139628,finetune,ft-11,,0.125327,1.1452813237782848e-07
139660,pretrain,ep-10,,0.124733,1.1480999918815381e-07
139678,finetune,ft-11,,0.125476,1.1496973756398808e-07
139710,pretrain,ep-10,,0.124691,1.1525582931946443e-07
139728,finetune,ft-11,,0.125444,1.1541794411974819e-07
139760,pretrain,ep-10,,0.124738,1.1570826043768322e-07
139778,finetune,ft-11,,0.125411,1.1587275144556272e-07
139810,pretrain,ep-10,,0.124809,1.1616729193761282e-07
139828,finetune,ft-11,,0.125379,1.1633415893305557e-07
139860,pretrain,ep-10,,0.124818,1.1663292320522716e-07
139878,finetune,ft-11,,0.125375,1.1680216596502319e-07
139910,pretrain,ep-10,,0.124788,1.1710515361767261e-07
139928,finetune,ft-11,,0.125272,1.1727677191543271e-07
139960,pretrain,ep-10,,0.12472,1.1758398254326747e-07
139978,finetune,ft-11,,0.125181,1.1775797614942596e-07
140010,pretrain,ep-10,,0.124675,1.1806940934150398e-07
140028,finetune,ft-11,,0.125163,1.1824577802331763e-07
140060,pretrain,ep-10,,0.124649,1.1856143336304803e-07
140078,finetune,ft-11,,0.125188,1.1874017688459554e-07
140110,pretrain,ep-10,,0.124666,1.1906005394974056e-07
140128,finetune,ft-11,,0.125338,1.1924117207192524e-07
140160,pretrain,ep-10,,0.124657,1.1956527043459934e-07
140178,finetune,ft-11,,0.125444,1.19748762915148e-07
140210,pretrain,ep-10,,0.124667,1.200770821418201e-07
140228,finetune,ft-11,,0.125391,1.2026294873528214e-07
140260,pretrain,ep-10,,0.124742,1.2059548838677372e-07
140278,finetune,ft-11,,0.12535,1.2078372884452395e-07
140310,pretrain,ep-10,,0.124742,1.2112048847601154e-07
140328,finetune,ft-11,,0.125327,1.213111025462492e-07
140360,pretrain,ep-10,,0.124751,1.2165208170726464e-07
140378,finetune,ft-11,,0.125338,1.218450691350141e-07
140410,pretrain,ep-10,,0.12477,1.221902673694443e-07
140428,finetune,ft-11,,0.125345,1.2238562789655499e-07
140460,pretrain,ep-10,,0.124781,1.2273504474264394e-07
140478,finetune,ft-11,,0.125477,1.2293277810779005e-07
140510,pretrain,ep-10,,0.124817,1.2328641309813885e-07
140528,finetune,ft-11,,0.125467,1.234865190368224e-07
140560,pretrain,ep-10,,0.124806,1.2384437169838865e-07
140578,finetune,ft-11,,0.125497,1.240468499429358e-07
140610,pretrain,ep-10,,0.124837,1.244089197970365e-07
140628,finetune,ft-11,,0.125504,1.246137700766014e-07
140660,pretrain,ep-10,,0.124868,1.2498005663891226e-07
140678,finetune,ft-11,,0.12549,1.2518727867947588e-07
140710,pretrain,ep-10,,0.124918,1.2555778146003078e-07
140728,finetune,ft-11,,0.125455,1.2576737498440194e-07
140760,pretrain,ep-10,,0.124911,1.2614209348759628e-07
140796,finetune,ft-11,,0.123156,1.265668765072201e-07
140810,pretrain,ep-10,,0.12489,1.2673299194000002e-07
140846,finetune,ft-11,,0.122539,1.271625166965897e-07
140860,pretrain,ep-10,,0.124944,1.2733047602682344e-07
140896,finetune,ft-11,,0.122807,1.2776474194582298e-07
140910,pretrain,ep-10,,0.124913,1.2793454494883924e-07
140946,finetune,ft-11,,0.122559,1.2837355144934997e-07
140960,pretrain,ep-10,,0.124848,1.2854519789801164e-07
140996,finetune,ft-11,,0.12385,1.2898894439279432e-07
141010,pretrain,ep-10,,0.124868,1.2916243405749666e-07
141046,finetune,ft-11,,0.124043,1.2961091995297158e-07
141060,pretrain,ep-10,,0.124859,1.2978625260164516e-07
141096,finetune,ft-11,,0.124512,1.3023947729789293e-07
141110,pretrain,ep-10,,0.124875,1.3041665269600354e-07
141146,finetune,ft-11,,0.124646,1.3087461558676523e-07
141160,pretrain,ep-10,,0.1249,1.3105363349731324e-07
141196,finetune,ft-11,,0.124794,1.3151633396999263e-07
141210,pretrain,ep-10,,0.124875,1.3169719415351372e-07
141246,finetune,ft-11,,0.12497,1.321646315891772e-07
141260,pretrain,ep-10,,0.12488,1.3234733380374232e-07
141296,finetune,ft-11,,0.12513,1.3281950757711955e-07
141310,pretrain,ep-10,,0.124837,1.3300405157833686e-07
141346,finetune,ft-11,,0.125568,1.334809610578222e-07
141360,pretrain,ep-10,,0.124834,1.336673465988348e-07
141396,finetune,ft-11,,0.125656,1.341489911464871e-07
141410,pretrain,ep-10,,0.12486,1.3433721797797584e-07
141446,finetune,ft-11,,0.125637,1.3482359694952235e-07
141460,pretrain,ep-10,,0.124878,1.3501366481970403e-07
141496,finetune,ft-11,,0.125717,1.3550477756453563e-07
141510,pretrain,ep-10,,0.12485,1.3569668621916533e-07
141546,finetune,ft-11,,0.125695,1.36192532080343e-07
141560,pretrain,ep-10,,0.124887,1.3638628126271338e-07
141596,finetune,ft-11,,0.125732,1.3688685957696604e-07
141610,pretrain,ep-10,,0.12491,1.3708244902790672e-07
141646,finetune,ft-11,,0.12565,1.3758775912563338e-07
141660,pretrain,ep-10,,0.124929,1.377851885835134e-07
141696,finetune,ft-11,,0.12547,1.3829522978878375e-07
141710,pretrain,ep-10,,0.124981,1.3849449898951083e-07
141746,finetune,ft-11,,0.125541,1.3900927062006446e-07
141760,pretrain,ep-10,,0.124959,1.3921037929708472e-07
141796,finetune,ft-11,,0.125347,1.3972988066433528e-07
141810,pretrain,ep-10,,0.124957,1.3993282854863515e-07
141846,finetune,ft-11,,0.125503,1.4045705895766852e-07
141860,pretrain,ep-10,,0.124974,1.4066184577777333e-07
141896,finetune,ft-11,,0.125458,1.411908045273502e-07
141910,pretrain,ep-10,,0.124982,1.4139743000932602e-07
141946,finetune,ft-11,,0.125311,1.4193111639188157e-07
141960,pretrain,ep-10,,0.125038,1.4213958025933426e-07
141996,finetune,ft-11,,0.125149,1.4267799356098053e-07
142010,pretrain,ep-10,,0.125033,1.4288829553505704e-07
142046,finetune,ft-11,,0.125265,1.4343143503558274e-07
142060,pretrain,ep-10,,0.125048,1.4364357483497247e-07
142096,finetune,ft-11,,0.125255,1.4419143980784325e-07
142110,pretrain,ep-10,,0.125046,1.4440541714877573e-07
142146,finetune,ft-11,,0.125327,1.449580068611373e-07
142160,pretrain,ep-10,,0.125041,1.451738214573845e-07
142196,finetune,ft-11,,0.125318,1.457311351700635e-07
142210,pretrain,ep-10,,0.125021,1.459487867329396e-07
142246,finetune,ft-11,,0.125293,1.465108237004408e-07
142260,pretrain,ep-10,,0.125034,1.467303119388041e-07
142296,finetune,ft-11,,0.125269,1.4729707140931673e-07
142310,pretrain,ep-10,,0.125037,1.4751839602956636e-07
142346,finetune,ft-11,,0.125366,1.4808987724496095e-07
142360,pretrain,ep-10,,0.125047,1.4831303795104194e-07
142396,finetune,ft-11,,0.125381,1.488892401468732e-07
142410,pretrain,ep-10,,0.125026,1.4911423664027324e-07
142446,finetune,ft-11,,0.125385,1.4969515904578228e-07
142460,pretrain,ep-10,,0.125008,1.4992199102553238e-07
142496,finetune,ft-11,,0.125373,1.5050763286364525e-07
142510,pretrain,ep-10,,0.125016,1.5073630002632328e-07
142546,finetune,ft-11,,0.125438,1.5132666051365264e-07
142560,pretrain,ep-10,,0.125042,1.5155716255338152e-07
142596,finetune,ft-11,,0.125474,1.521522409002283e-07
142610,pretrain,ep-10,,0.125023,1.5238457750867436e-07
142646,finetune,ft-11,,0.125505,1.529843729190288e-07
142660,pretrain,ep-10,,0.125016,1.5321854378540696e-07
142696,finetune,ft-11,,0.125513,1.5382305545694992e-07
142710,pretrain,ep-10,,0.125027,1.5405906026801893e-07
142746,finetune,ft-11,,0.125408,1.5466828739212244e-07
142760,pretrain,ep-10,,0.125026,1.5490612583219005e-07
142796,finetune,ft-11,,0.125396,1.5552006759391752e-07
142810,pretrain,ep-10,,0.125039,1.5575973934483822e-07
142846,finetune,ft-11,,0.125397,1.5637839492294682e-07
142860,pretrain,ep-10,,0.12502,1.5661989966412205e-07
142896,finetune,ft-11,,0.125423,1.5724326823106465e-07
142910,pretrain,ep-10,,0.12503,1.5748660563944405e-07
142946,finetune,ft-11,,0.125517,1.5811468636136817e-07
142960,pretrain,ep-10,,0.125031,1.5835985611145043e-07
143010,pretrain,ep-10,,0.125024,1.5923964991203244e-07
143014,finetune,ft-11,,0.125618,1.5931031605268455e-07
143060,pretrain,ep-10,,0.125055,1.6012598586433011e-07
143064,finetune,ft-11,,0.127611,1.601971753260164e-07
143110,pretrain,ep-10,,0.125039,1.6101886278273012e-07
143114,finetune,ft-11,,0.125509,1.6109057547022488e-07
143160,pretrain,ep-10,,0.125055,1.619182794728723e-07
143164,finetune,ft-11,,0.125801,1.6199051529024764e-07
143210,pretrain,ep-10,,0.125047,1.6282423473164594e-07
143214,finetune,ft-11,,0.125257,1.628969935822753e-07
143260,pretrain,ep-10,,0.125038,1.6373672734719607e-07
143264,finetune,ft-11,,0.124931,1.6381000913375356e-07
143310,pretrain,ep-10,,0.125044,1.6465575609892165e-07
143314,finetune,ft-11,,0.125401,1.6472956072338153e-07
143360,pretrain,ep-10,,0.125035,1.6558131975747893e-07
143364,finetune,ft-11,,0.125586,1.65655647121116e-07
143410,pretrain,ep-10,,0.125037,1.665134170847828e-07
143414,finetune,ft-11,,0.125777,1.665882670881722e-07
143460,pretrain,ep-10,,0.125023,1.674520468340081e-07
143464,finetune,ft-11,,0.125494,1.6752741937702657e-07
143510,pretrain,ep-10,,0.124995,1.683972077495918e-07
143514,finetune,ft-11,,0.125172,1.684731027314175e-07
143560,pretrain,ep-10,,0.125002,1.6934889856723503e-07
143564,finetune,ft-11,,0.125093,1.6942531588634608e-07
143610,pretrain,ep-10,,0.124994,1.7030711801390266e-07
143614,finetune,ft-11,,0.12512,1.7038405756807913e-07
143660,pretrain,ep-10,,0.124989,1.7127186480782732e-07
143664,finetune,ft-11,,0.125137,1.7134932649415029e-07
143710,pretrain,ep-10,,0.124968,1.72243137658511e-07
143714,finetune,ft-11,,0.124871,1.7232112137336306e-07
143760,pretrain,ep-10,,0.124986,1.732209352667245e-07
143764,finetune,ft-11,,0.12464,1.7329944090579136e-07
143810,pretrain,ep-10,,0.124988,1.742052563245125e-07
143814,finetune,ft-11,,0.124712,1.7428428378277986e-07
143860,pretrain,ep-10,,0.124984,1.7519609951519193e-07
143864,finetune,ft-11,,0.124916,1.7527564868694844e-07
143910,pretrain,ep-10,,0.124983,1.761934635133564e-07
143914,finetune,ft-11,,0.125028,1.7627353429219295e-07
143960,pretrain,ep-10,,0.124978,1.771973469848761e-07
143964,finetune,ft-11,,0.124838,1.7727793926368554e-07
144010,pretrain,ep-10,,0.124996,1.7820774858690187e-07
144014,finetune,ft-11,,0.124666,1.7828886225787965e-07
144060,pretrain,ep-10,,0.124964,1.7922466696786392e-07
144064,finetune,ft-11,,0.124556,1.7930630192250764e-07
144114,finetune,ft-11,,0.124562,1.8033025689658673e-07
144164,finetune,ft-11,,0.124414,1.8136072581041806e-07
144214,finetune,ft-11,,0.124476,1.8239770728558868e-07
144264,finetune,ft-11,,0.124642,1.8344119993497558e-07
144314,finetune,ft-11,,0.124525,1.8449120236274482e-07
144364,finetune,ft-11,,0.124483,1.8554771316435502e-07
144414,finetune,ft-11,,0.124483,1.8661073092655862e-07
144464,finetune,ft-11,,0.124459,1.876802542274045e-07
144514,finetune,ft-11,,0.124466,1.887562816362394e-07
144564,finetune,ft-11,,0.124394,1.8983881171370847e-07
144614,finetune,ft-11,,0.124353,1.9092784301176077e-07
144664,finetune,ft-11,,0.124345,1.9202337407364753e-07
144714,finetune,ft-11,,0.12453,1.9312540343392527e-07
144764,finetune,ft-11,,0.124464,1.9423392961845864e-07
144814,finetune,ft-11,,0.124409,1.9534895114442202e-07
144864,finetune,ft-11,,0.124433,1.9647046652030087e-07
144914,finetune,ft-11,,0.124567,1.9759847424589384e-07
144964,finetune,ft-11,,0.124667,1.9873297281231515e-07
145014,finetune,ft-11,,0.124687,1.998739607019976e-07
145064,finetune,ft-11,,0.124688,2.0102143638869246e-07
145114,finetune,ft-11,,0.124695,2.0217539833747218e-07
145164,finetune,ft-11,,0.124703,2.0333584500473288e-07
145232,finetune,ft-15,,0.105727,2.049244563569981e-07
145282,finetune,ft-15,,0.105048,2.061002007898179e-07
145332,finetune,ft-15,,0.104541,2.0728242469108737e-07
145382,finetune,ft-15,,0.103459,2.0847112647939706e-07
145432,finetune,ft-15,,0.104148,2.096663045646742e-07
145482,finetune,ft-15,,0.103794,2.1086795734818222e-07
145532,finetune,ft-15,,0.103576,2.1207608322252388e-07
145582,finetune,ft-15,,0.10356,2.1329068057164327e-07
145632,finetune,ft-15,,0.103452,2.1451174777082716e-07
145682,finetune,ft-15,,0.103094,2.1573928318670982e-07
145732,finetune,ft-15,,0.102974,2.169732851772709e-07
145782,finetune,ft-15,,0.102704,2.1821375209184103e-07
145832,finetune,ft-15,,0.102775,2.194606822711035e-07
145882,finetune,ft-15,,0.102639,2.2071407404709485e-07
145932,finetune,ft-15,,0.102686,2.2197392574321002e-07
145982,finetune,ft-15,,0.10284,2.2324023567420062e-07
146032,finetune,ft-15,,0.102979,2.245130021461814e-07
146082,finetune,ft-15,,0.102987,2.2579222345662787e-07
146132,finetune,ft-15,,0.102864,2.270778978943841e-07
146182,finetune,ft-15,,0.102791,2.283700237396604e-07
146232,finetune,ft-15,,0.102635,2.2966859926403723e-07
146282,finetune,ft-15,,0.102691,2.3097362273046916e-07
146332,finetune,ft-15,,0.102655,2.322850923932838e-07
146382,finetune,ft-15,,0.102753,2.3360300649818616e-07
146432,finetune,ft-15,,0.102713,2.3492736328226326e-07
146482,finetune,ft-15,,0.102757,2.3625816097398087e-07
146532,finetune,ft-15,,0.102771,2.375953977931905e-07
146582,finetune,ft-15,,0.102708,2.3893907195113003e-07
146632,finetune,ft-15,,0.102795,2.4028918165042637e-07
146682,finetune,ft-15,,0.102807,2.416457250850991e-07
146732,finetune,ft-15,,0.102754,2.4300870044055946e-07
146782,finetune,ft-15,,0.102779,2.443781058936171e-07
146832,finetune,ft-15,,0.102785,2.4575393961247855e-07
146882,finetune,ft-15,,0.102708,2.471361997567527e-07
146932,finetune,ft-15,,0.102755,2.4852488447745303e-07
146982,finetune,ft-15,,0.102721,2.4991999191699673e-07
147032,finetune,ft-15,,0.102736,2.513215202092114e-07
147082,finetune,ft-15,,0.102641,2.5272946747933466e-07
147132,finetune,ft-15,,0.102657,2.541438318440185e-07
147182,finetune,ft-15,,0.102689,2.555646114113323e-07
147232,finetune,ft-15,,0.102687,2.5699180428076046e-07
147282,finetune,ft-15,,0.102722,2.5842540854321285e-07
147332,finetune,ft-15,,0.102693,2.598654222810194e-07
147382,finetune,ft-15,,0.102685,2.613118435679382e-07
147450,finetune,ft-16,,0.093831,2.632892558739923e-07
147500,finetune,ft-16,,0.095163,2.6475079129027014e-07
147550,finetune,ft-16,,0.094541,2.662187277207206e-07
147600,finetune,ft-16,,0.09387,2.676930632017518e-07
147650,finetune,ft-16,,0.094746,2.6917379576120836e-07
147700,finetune,ft-16,,0.09456,2.7066092341838285e-07
147750,finetune,ft-16,,0.094595,2.721544441840107e-07
147800,finetune,ft-16,,0.094469,2.73654356060275e-07
147850,finetune,ft-16,,0.094806,2.7516065704081146e-07
147900,finetune,ft-16,,0.094792,2.766733451107082e-07
147950,finetune,ft-16,,0.094849,2.7819241824650963e-07
148000,finetune,ft-16,,0.095017,2.797178744162199e-07
148050,finetune,ft-16,,0.094914,2.8124971157930327e-07
148100,finetune,ft-16,,0.09498,2.827879276866914e-07
148150,finetune,ft-16,,0.09489,2.8433252068077985e-07
148200,finetune,ft-16,,0.094989,2.858834884954358e-07
148250,finetune,ft-16,,0.094925,2.8744082905599976e-07
148300,finetune,ft-16,,0.094916,2.8900454027928546e-07
148350,finetune,ft-16,,0.09482,2.905746200735881e-07
148400,finetune,ft-16,,0.094775,2.921510663386799e-07
148450,finetune,ft-16,,0.094859,2.9373387696582096e-07
148500,finetune,ft-16,,0.094897,2.953230498377543e-07
148550,finetune,ft-16,,0.094908,2.969185828287157e-07
148600,finetune,ft-16,,0.094805,2.985204738044322e-07
148650,finetune,ft-16,,0.094854,3.0012872062212436e-07
148700,finetune,ft-16,,0.09484,3.017433211305128e-07
148750,finetune,ft-16,,0.094846,3.0336427316981923e-07
148800,finetune,ft-16,,0.094871,3.049915745717674e-07
148850,finetune,ft-16,,0.094809,3.066252231595903e-07
148900,finetune,ft-16,,0.094874,3.082652167480274e-07
148950,finetune,ft-16,,0.094798,3.0991155314333404e-07
149000,finetune,ft-16,,0.094765,3.1156423014327854e-07
149050,finetune,ft-16,,0.094806,3.13223245537149e-07
149100,finetune,ft-16,,0.094785,3.1488859710575495e-07
149150,finetune,ft-16,,0.094742,3.1656028262142894e-07
149200,finetune,ft-16,,0.094732,3.182382998480332e-07
149250,finetune,ft-16,,0.09471,3.1992264654095816e-07
149300,finetune,ft-16,,0.094695,3.2161332044712985e-07
149350,finetune,ft-16,,0.094726,3.2331031930500745e-07
149400,finetune,ft-16,,0.094716,3.2501364084459237e-07
149450,finetune,ft-16,,0.094668,3.2672328278742687e-07
149500,finetune,ft-16,,0.094671,3.284392428465992e-07
149550,finetune,ft-16,,0.094665,3.301615187267465e-07
149600,finetune,ft-16,,0.094659,3.318901081240576e-07
149668,finetune,ft-16,,0.092431,3.3425111747938427e-07
149718,finetune,ft-16,,0.093599,3.3599459759439196e-07
149768,finetune,ft-17,,0.108161,3.377443834239146e-07
149818,finetune,ft-17,,0.107969,3.395004726273402e-07
149868,finetune,ft-17,,0.109162,3.4126286285562735e-07
149918,finetune,ft-17,,0.109147,3.4303155175130614e-07
149968,finetune,ft-17,,0.109001,3.4480653694847923e-07
150018,finetune,ft-17,,0.108704,3.465878160728302e-07
150068,finetune,ft-17,,0.108666,3.4837538674161916e-07
150118,finetune,ft-17,,0.108694,3.501692465636938e-07
150168,finetune,ft-17,,0.108639,3.5196939313948813e-07
150218,finetune,ft-17,,0.10872,3.537758240610263e-07
150268,finetune,ft-17,,0.108829,3.5558853691192653e-07
150318,finetune,ft-17,,0.1088,3.5740752926740264e-07
150368,finetune,ft-17,,0.108978,3.592327986942701e-07
150418,finetune,ft-17,,0.10889,3.6106434275094887e-07
150468,finetune,ft-17,,0.108607,3.629021589874628e-07
150518,finetune,ft-17,,0.108508,3.647462449454489e-07
150568,finetune,ft-17,,0.108494,3.665965981581535e-07
150618,finetune,ft-17,,0.108468,3.684532161504423e-07
150668,finetune,ft-17,,0.108538,3.7031609643880195e-07
150718,finetune,ft-17,,0.108523,3.7218523653133967e-07
150768,finetune,ft-17,,0.108402,3.7406063392778994e-07
150818,finetune,ft-17,,0.108352,3.759422861195164e-07
150868,finetune,ft-17,,0.108282,3.7783019058951904e-07
150918,finetune,ft-17,,0.108349,3.797243448124312e-07
150968,finetune,ft-17,,0.108256,3.816247462545275e-07
151018,finetune,ft-17,,0.108197,3.835313923737259e-07
151068,finetune,ft-17,,0.10824,3.854442806195909e-07
151118,finetune,ft-17,,0.108206,3.873634084333375e-07
151168,finetune,ft-17,,0.108212,3.8928877324783444e-07
151218,finetune,ft-17,,0.108126,3.912203724876058e-07
151268,finetune,ft-17,,0.108217,3.931582035688399e-07
151318,finetune,ft-17,,0.108254,3.9510226389938365e-07
151368,finetune,ft-17,,0.108215,3.9705255087875657e-07
151418,finetune,ft-17,,0.108246,3.9900906189814583e-07
151468,finetune,ft-17,,0.10822,4.00971794340415e-07
151518,finetune,ft-17,,0.108112,4.0294074558010426e-07
151568,finetune,ft-17,,0.108178,4.0491591298343373e-07
151618,finetune,ft-17,,0.108184,4.068972939083131e-07
151668,finetune,ft-17,,0.108237,4.08884885704335e-07
151718,finetune,ft-17,,0.108309,4.1087868571278747e-07
151768,finetune,ft-17,,0.108342,4.1287869126665443e-07
151818,finetune,ft-17,,0.108352,4.148848996906157e-07
151886,finetune,ft-18-p,,0.121297,4.1762329268832516e-07
151936,finetune,ft-18-p,,0.1213,4.196441292308084e-07
151986,finetune,ft-18-p,,0.121189,4.2167115959356147e-07
152036,finetune,ft-18-p,,0.120157,4.2370438106511717e-07
152086,finetune,ft-18-p,,0.120295,4.25743790925728e-07
152136,finetune,ft-18-p,,0.120584,4.2778938644736494e-07
152186,finetune,ft-18-p,,0.120275,4.2984116489372556e-07
152236,finetune,ft-18-p,,0.120595,4.3189912352023815e-07
152286,finetune,ft-18-p,,0.120372,4.3396325957406236e-07
152336,finetune,ft-18-p,,0.12027,4.3603357029409783e-07
152386,finetune,ft-18-p,,0.120615,4.3811005291097936e-07
152436,finetune,ft-18-p,,0.120295,4.4019270464709213e-07
152486,finetune,ft-18-p,,0.120437,4.4228152271656317e-07
152536,finetune,ft-18-p,,0.120368,4.443765043252754e-07
152586,finetune,ft-18-p,,0.1201,4.4647764667086486e-07
152636,finetune,ft-18-p,,0.11995,4.4858494694272703e-07
152686,finetune,ft-18-p,,0.120026,4.5069840232202144e-07
152736,finetune,ft-18-p,,0.120009,4.5281800998167183e-07
152786,finetune,ft-18-p,,0.120039,4.5494376708637473e-07
152836,finetune,ft-18-p,,0.120092,4.570756707925998e-07
152886,finetune,ft-18-p,,0.120018,4.592137182485941e-07
152936,finetune,ft-18-p,,0.120006,4.6135790659438803e-07
152986,finetune,ft-18-p,,0.119731,4.635082329617945e-07
153036,finetune,ft-18-p,,0.11965,4.656646944744199e-07
153086,finetune,ft-18-p,,0.11979,4.678272882476615e-07
153136,finetune,ft-18-p,,0.119776,4.6999601138871346e-07
153186,finetune,ft-18-p,,0.119735,4.7217086099657256e-07
153236,finetune,ft-18-p,,0.119749,4.743518341620388e-07
153286,finetune,ft-18-p,,0.119853,4.765389279677226e-07
153336,finetune,ft-18-p,,0.119886,4.787321394880471e-07
153386,finetune,ft-18-p,,0.11992,4.809314657892499e-07
153436,finetune,ft-18-p,,0.119969,4.831369039293911e-07
153486,finetune,ft-18-p,,0.119954,4.853484509583527e-07
153536,finetune,ft-18-p,,0.119883,4.87566103917849e-07
153586,finetune,ft-18-p,,0.119959,4.897898598414241e-07
153636,finetune,ft-18-p,,0.119952,4.920197157544584e-07
153686,finetune,ft-18-p,,0.119856,4.942556686741742e-07
153736,finetune,ft-18-p,,0.119834,4.964977156096349e-07
153786,finetune,ft-18-p,,0.119863,4.987458535617567e-07
153836,finetune,ft-18-p,,0.119939,5.010000795233061e-07
153886,finetune,ft-18-p,,0.119862,5.032603904789039e-07
153936,finetune,ft-18-p,,0.119971,5.055267834050345e-07
153986,finetune,ft-18-p,,0.119984,5.077992552700435e-07
154036,finetune,ft-18-p,,0.119999,5.10077803034148e-07
154086,finetune,ft-18-p,,0.119997,5.123624236494383e-07
154136,finetune,ft-18-p,,0.120014,5.146531140598762e-07
154186,finetune,ft-18-p,,0.120084,5.169498712013084e-07
154236,finetune,ft-18-p,,0.120164,5.192526920014667e-07
154286,finetune,ft-18-p,,0.120167,5.215615733799695e-07
154336,finetune,ft-18-p,,0.120182,5.238765122483291e-07
154386,finetune,ft-18-p,,0.120129,5.26197505509955e-07
154436,finetune,ft-18-p,,0.120118,5.285245500601595e-07
154486,finetune,ft-18-p,,0.120138,5.308576427861571e-07
154536,finetune,ft-18-p,,0.120129,5.331967805670757e-07
154586,finetune,ft-18-p,,0.120224,5.355419602739535e-07
154636,finetune,ft-18-p,,0.120252,5.378931787697501e-07
154686,finetune,ft-18-p,,0.120236,5.402504329093442e-07
154736,finetune,ft-18-p,,0.120225,5.426137195395416e-07
154786,finetune,ft-18-p,,0.12023,5.449830354990814e-07
154836,finetune,ft-18-p,,0.120187,5.473583776186327e-07
154886,finetune,ft-18-p,,0.120171,5.497397427208084e-07
154936,finetune,ft-18-p,,0.12022,5.521271276201633e-07
154986,finetune,ft-18-p,,0.120267,5.545205291231972e-07
155036,finetune,ft-18-p,,0.120271,5.569199440283661e-07
155086,finetune,ft-18-p,,0.120298,5.593253691260784e-07
155136,finetune,ft-18-p,,0.120294,5.617368011987039e-07
155186,finetune,ft-18-p,,0.120256,5.641542370205782e-07
155236,finetune,ft-18-p,,0.120219,5.665776733580052e-07
155286,finetune,ft-18-p,,0.120263,5.690071069692633e-07
155336,finetune,ft-18-p,,0.120273,5.714425346046063e-07
155386,finetune,ft-18-p,,0.120302,5.738839530062714e-07
155436,finetune,ft-18-p,,0.120288,5.763313589084848e-07
155486,finetune,ft-18-p,,0.120286,5.787847490374556e-07
155536,finetune,ft-18-p,,0.120335,5.812441201113986e-07
155586,finetune,ft-18-p,,0.120354,5.837094688405189e-07
155636,finetune,ft-18-p,,0.120362,5.861807919270315e-07
155686,finetune,ft-18-p,,0.120375,5.886580860651593e-07
155736,finetune,ft-18-p,,0.120376,5.911413479411343e-07
155786,finetune,ft-18-p,,0.120382,5.936305742332105e-07
155836,finetune,ft-18-p,,0.120386,5.961257616116581e-07
155886,finetune,ft-18-p,,0.120397,5.986269067387776e-07
155936,finetune,ft-18-p,,0.120416,6.011340062689002e-07
155986,finetune,ft-18-p,,0.120437,6.036470568483878e-07
156036,finetune,ft-18-p,,0.120427,6.061660551156475e-07
156086,finetune,ft-18-p,,0.120453,6.086909977011271e-07
156136,finetune,ft-18-p,,0.120435,6.112218812273229e-07
156186,finetune,ft-18-p,,0.120406,6.137587023087864e-07
156236,finetune,ft-18-p,,0.120414,6.163014575521238e-07
156286,finetune,ft-18-p,,0.120406,6.188501435560077e-07
156336,finetune,ft-18-p,,0.120353,6.214047569111707e-07
156386,finetune,ft-18-p,,0.120348,6.239652942004218e-07
156436,finetune,ft-18-p,,0.120305,6.265317519986469e-07
156486,finetune,ft-18-p,,0.120317,6.291041268728085e-07
156536,finetune,ft-18-p,,0.120255,6.316824153819555e-07
156586,finetune,ft-18-p,,0.120253,6.34266614077226e-07
156636,finetune,ft-18-p,,0.120237,6.368567195018524e-07
156686,finetune,ft-18-p,,0.120216,6.39452728191169e-07
156736,finetune,ft-18-p,,0.120194,6.420546366726083e-07
156786,finetune,ft-18-p,,0.120195,6.44662441465715e-07
156836,finetune,ft-18-p,,0.120172,6.472761390821428e-07
156886,finetune,ft-18-p,,0.120122,6.498957260256677e-07
156936,finetune,ft-18-p,,0.120119,6.52521198792185e-07
156986,finetune,ft-18-p,,0.120076,6.55152553869715e-07
157036,finetune,ft-18-p,,0.120052,6.577897877384141e-07
157086,finetune,ft-18-p,,0.120044,6.604328968705697e-07
157136,finetune,ft-18-p,,0.120036,6.630818777306153e-07
157186,finetune,ft-18-p,,0.120037,6.657367267751248e-07
157236,finetune,ft-18-p,,0.12002,6.683974404528285e-07
157286,finetune,ft-18-p,,0.120013,6.710640152046063e-07
157336,finetune,ft-18-p,,0.120016,6.737364474634988e-07
157386,finetune,ft-18-p,,0.119972,6.76414733654716e-07
157436,finetune,ft-18-p,,0.119965,6.79098870195632e-07
157486,finetune,ft-18-p,,0.119953,6.817888534957975e-07
157536,finetune,ft-18-p,,0.120009,6.844846799569429e-07
157586,finetune,ft-18-p,,0.120008,6.871863459729794e-07
157636,finetune,ft-18-p,,0.120022,6.898938479300124e-07
157686,finetune,ft-18-p,,0.120014,6.926071822063341e-07
157736,finetune,ft-18-p,,0.120028,6.953263451724394e-07
157786,finetune,ft-18-p,,0.120005,6.98051333191027e-07
157836,finetune,ft-18-p,,0.119965,7.007821426169995e-07
157886,finetune,ft-18-p,,0.119945,7.035187697974779e-07
157936,finetune,ft-18-p,,0.119904,7.062612110717969e-07
157986,finetune,ft-18-p,,0.119891,7.090094627715135e-07
158036,finetune,ft-18-p,,0.119854,7.117635212204165e-07
158086,finetune,ft-18-p,,0.119864,7.145233827345239e-07
158136,finetune,ft-18-p,,0.119887,7.172890436220936e-07
158186,finetune,ft-18-p,,0.119898,7.200605001836219e-07
158236,finetune,ft-18-p,,0.119929,7.228377487118572e-07
158286,finetune,ft-18-p,,0.119936,7.256207854917979e-07
158336,finetune,ft-18-p,,0.119926,7.284096068006993e-07
158386,finetune,ft-18-p,,0.119931,7.312042089080799e-07
158436,finetune,ft-18-p,,0.119896,7.34004588075725e-07
158486,finetune,ft-18-p,,0.119925,7.368107405576932e-07
158536,finetune,ft-18-p,,0.119925,7.396226626003197e-07
158586,finetune,ft-18-p,,0.119896,7.424403504422204e-07
158636,finetune,ft-18-p,,0.119889,7.45263800314302e-07
158686,finetune,ft-18-p,,0.119884,7.480930084397605e-07
158736,finetune,ft-18-p,,0.119889,7.509279710340902e-07
158786,finetune,ft-18-p,,0.119859,7.5376868430509e-07
158836,finetune,ft-18-p,,0.119867,7.566151444528627e-07
158886,finetune,ft-18-p,,0.119847,7.594673476698269e-07
158936,finetune,ft-18-p,,0.119814,7.623252901407166e-07
158986,finetune,ft-18-p,,0.119831,7.651889680425899e-07
159036,finetune,ft-18-p,,0.119827,7.680583775448345e-07
159086,finetune,ft-18-p,,0.119858,7.70933514809167e-07
159136,finetune,ft-18-p,,0.119866,7.738143759896472e-07
159233,finetune,ft-19,,0.103748,7.79419555703978e-07
159283,finetune,ft-19,,0.103797,7.823172228499984e-07
159333,finetune,ft-18-p,,0.116723,7.85220598684687e-07
159383,finetune,ft-19,,0.104578,7.881296793243263e-07
159433,finetune,ft-19,,0.104481,7.910444608775721e-07
159483,finetune,ft-19,,0.104419,7.939649394454491e-07
159533,finetune,ft-19,,0.103951,7.968911111213651e-07
159583,finetune,ft-19,,0.103754,7.998229719911092e-07
159633,finetune,ft-19,,0.103931,8.027605181328642e-07
159683,finetune,ft-19,,0.104063,8.057037456172043e-07
159733,finetune,ft-19,,0.104168,8.086526505071045e-07
159783,finetune,ft-19,,0.104346,8.116072288579484e-07
159833,finetune,ft-19,,0.104347,8.145674767175272e-07
159883,finetune,ft-19,,0.104454,8.17533390126049e-07
159933,finetune,ft-19,,0.10439,8.205049651161464e-07
159983,finetune,ft-19,,0.104226,8.234821977128726e-07
160033,finetune,ft-19,,0.104355,8.264650839337208e-07
160083,finetune,ft-19,,0.10414,8.294536197886137e-07
160133,finetune,ft-19,,0.103924,8.324478012799223e-07
160183,finetune,ft-19,,0.103887,8.354476244024639e-07
160233,finetune,ft-19,,0.104041,8.384530851435074e-07
160283,finetune,ft-19,,0.10395,8.414641794827836e-07
160333,finetune,ft-19,,0.104008,8.444809033924839e-07
160383,finetune,ft-19,,0.10398,8.475032528372749e-07
160433,finetune,ft-19,,0.104049,8.505312237742919e-07
160483,finetune,ft-19,,0.104151,8.535648121531527e-07
160533,finetune,ft-19,,0.104215,8.566040139159649e-07
160583,finetune,ft-19,,0.104127,8.596488249973218e-07
160633,finetune,ft-19,,0.104117,8.626992413243171e-07
160683,finetune,ft-19,,0.104062,8.657552588165434e-07
160733,finetune,ft-19,,0.104068,8.688168733861025e-07
160783,finetune,ft-19,,0.104052,8.718840809376116e-07
160833,finetune,ft-19,,0.104081,8.749568773682004e-07
160883,finetune,ft-19,,0.104104,8.780352585675307e-07
160933,finetune,ft-19,,0.104091,8.811192204177851e-07
160983,finetune,ft-19,,0.104192,8.84208758793688e-07
161033,finetune,ft-19,,0.104086,8.873038695625033e-07
161083,finetune,ft-19,,0.104101,8.904045485840373e-07
161133,finetune,ft-19,,0.103936,8.935107917106508e-07
161183,finetune,ft-19,,0.103954,8.966225947872608e-07
161233,finetune,ft-19,,0.103951,8.997399536513456e-07
161283,finetune,ft-19,,0.103953,9.028628641329566e-07
161333,finetune,ft-19,,0.103943,9.059913220547145e-07
161383,finetune,ft-19,,0.103937,9.091253232318211e-07
161433,finetune,ft-19,,0.10395,9.122648634720615e-07
161483,finetune,ft-19,,0.103952,9.154099385758147e-07
161533,finetune,ft-19,,0.104012,9.185605443360544e-07
161583,finetune,ft-19,,0.103991,9.217166765383543e-07
161633,finetune,ft-19,,0.103966,9.248783309608989e-07
161683,finetune,ft-19,,0.103924,9.280455033744822e-07
161733,finetune,ft-19,,0.103904,9.312181895425204e-07
161783,finetune,ft-19,,0.103879,9.343963852210545e-07
161833,finetune,ft-19,,0.103887,9.375800861587522e-07
161883,finetune,ft-19,,0.1039,9.407692880969193e-07
161933,finetune,ft-19,,0.10388,9.439639867695013e-07
161983,finetune,ft-19,,0.103886,9.471641779030938e-07
162033,finetune,ft-19,,0.103891,9.503698572169454e-07
162083,finetune,ft-19,,0.10386,9.535810204229588e-07
162133,finetune,ft-19,,0.103896,9.567976632257105e-07
162183,finetune,ft-19,,0.103879,9.600197813224356e-07
162233,finetune,ft-19,,0.103841,9.632473704030499e-07
162283,finetune,ft-19,,0.103819,9.664804261501575e-07
162333,finetune,ft-19,,0.103798,9.697189442390373e-07
162383,finetune,ft-19,,0.103839,9.729629203376718e-07
162433,finetune,ft-19,,0.103833,9.762123501067376e-07
162483,finetune,ft-19,,0.103813,9.794672291996183e-07
162533,finetune,ft-19,,0.103852,9.827275532624102e-07
162583,finetune,ft-19,,0.103825,9.859933179339165e-07
162683,finetune,ft-19,,0.103795,9.92541151621947e-07
162733,finetune,ft-19,,0.103745,9.958232118797228e-07
162783,finetune,ft-19,,0.103688,9.99110695228741e-07
162883,finetune,ft-19,,0.103685,1.0057019136031707e-06
162933,finetune,ft-19,,0.103675,1.0090056398118044e-06
163033,finetune,ft-19,,0.103702,1.0156293041756825e-06
163083,finetune,ft-19,,0.103702,1.0189492334707458e-06
163133,finetune,ft-19,,0.103734,1.022274554922404e-06
163183,finetune,ft-19,,0.103764,1.025605264082521e-06
163233,finetune,ft-19,,0.103764,1.028941356495758e-06
163283,finetune,ft-19,,0.103775,1.0322828276995723e-06
163383,finetune,ft-19,,0.10375,1.0389818885927978e-06
163433,finetune,ft-19,,0.103763,1.0423394693211725e-06
163483,finetune,ft-19,,0.103763,1.0457024109180703e-06
163533,finetune,ft-19,,0.103753,1.0490707088850299e-06
163583,finetune,ft-19,,0.103731,1.0524443587164315e-06
163633,finetune,ft-19,,0.103722,1.0558233558994938e-06
163683,finetune,ft-19,,0.103715,1.0592076959142798e-06
163733,finetune,ft-19,,0.103686,1.0625973742337144e-06
163783,finetune,ft-19,,0.103682,1.0659923863235727e-06
163833,finetune,ft-19,,0.103655,1.0693927276425006e-06
163883,finetune,ft-19,,0.103669,1.0727983936420145e-06
163933,finetune,ft-19,,0.103671,1.0762093797665049e-06
163983,finetune,ft-19,,0.103697,1.0796256814532506e-06
164033,finetune,ft-19,,0.103717,1.0830472941324144e-06
164083,finetune,ft-19,,0.103686,1.0864742132270578e-06
164133,finetune,ft-19,,0.103689,1.0899064341531467e-06
164183,finetune,ft-19,,0.103721,1.0933439523195495e-06
164233,finetune,ft-19,,0.103698,1.0967867631280546e-06
164333,finetune,ft-19,,0.103724,1.1036882442431148e-06
164383,finetune,ft-19,,0.103718,1.1071469053178692e-06
164433,finetune,ft-19,,0.103696,1.1106108405711301e-06
164483,finetune,ft-19,,0.103728,1.1140800453693466e-06
164533,finetune,ft-19,,0.103722,1.117554515071917e-06
164583,finetune,ft-19,,0.103703,1.121034245031201e-06
164633,finetune,ft-19,,0.103721,1.1245192305925174e-06
164683,finetune,ft-19,,0.103726,1.1280094670941572e-06
164733,finetune,ft-19,,0.103711,1.1315049498673888e-06
164833,finetune,ft-19,,0.103682,1.138511635518598e-06
164883,finetune,ft-19,,0.103694,1.1420228290240506e-06
164933,finetune,ft-19,,0.103697,1.1455392500560422e-06
165033,finetune,ft-19,,0.103679,1.1525877558776275e-06
165083,finetune,ft-19,,0.103653,1.156119831238747e-06
165133,finetune,ft-19,,0.103673,1.1596571152694808e-06
165183,finetune,ft-19,,0.103668,1.1631996032381557e-06
165233,finetune,ft-19,,0.103695,1.1667472904061466e-06
165283,finetune,ft-19,,0.103686,1.1703001720278693e-06
165333,finetune,ft-19,,0.103703,1.1738582433507954e-06
165383,finetune,ft-19,,0.1037,1.1774214996154521e-06
165433,finetune,ft-19,,0.103706,1.1809899360554293e-06
165483,finetune,ft-19,,0.103688,1.1845635478973879e-06
165533,finetune,ft-19,,0.103675,1.1881423303610666e-06
165583,finetune,ft-19,,0.103689,1.1917262786592896e-06
165683,finetune,ft-19,,0.103727,1.1989096535761129e-06
165733,finetune,ft-19,,0.103734,1.2025090705858336e-06
165783,finetune,ft-19,,0.103737,1.20611363421235e-06
165883,finetune,ft-19,,0.103736,1.2133381820222404e-06
165933,finetune,ft-19,,0.103746,1.2169581565416583e-06
165983,finetune,ft-19,,0.10374,1.2205832583499771e-06
166033,finetune,ft-19,,0.103732,1.224213482598058e-06
166083,finetune,ft-19,,0.103727,1.2278488244299154e-06
166183,finetune,ft-19,,0.103767,1.2351348413867698e-06
166233,finetune,ft-19,,0.103754,1.238785506765592e-06
166283,finetune,ft-19,,0.103759,1.2424412702358414e-06
166333,finetune,ft-19,,0.103744,1.2461021269073674e-06
166383,finetune,ft-19,,0.103744,1.249768071883203e-06
166433,finetune,ft-19,,0.10375,1.2534391002595827e-06
166580,finetune,ft-19,,0.101567,1.2642613188610585e-06
166630,finetune,ft-19,,0.100514,1.2679523279821198e-06
166680,finetune,ft-19,,0.100558,1.2716483961794527e-06
166730,finetune,ft-19,,0.100715,1.2753495185089928e-06
166780,finetune,ft-19,,0.100848,1.279055690019917e-06
166880,finetune,ft-19,,0.101029,1.286483160748844e-06
166930,finetune,ft-19,,0.101889,1.29020445003145e-06
166980,finetune,ft-19,,0.101788,1.2939307686246614e-06
167030,finetune,ft-19,,0.101907,1.2976621115439446e-06
167080,finetune,ft-19,,0.101816,1.3013984737980512e-06
167130,finetune,ft-19,,0.101917,1.3051398503890184e-06
167180,finetune,ft-19,,0.101939,1.3088862363121676e-06
167230,finetune,ft-19,,0.101785,1.3126376265561314e-06
167280,finetune,ft-19,,0.102274,1.3163940161028384e-06
167330,finetune,ft-19,,0.102317,1.3201553999275354e-06
167380,finetune,ft-19,,0.102551,1.323921772998789e-06
167430,finetune,ft-19,,0.102652,1.3276931302784865e-06
167480,finetune,ft-19,,0.102803,1.3314694667218557e-06
167530,finetune,ft-19,,0.102961,1.3352507772774588e-06
167630,finetune,ft-19,,0.102864,1.3428283004863579e-06
167680,finetune,ft-19,,0.102806,1.3466245030035378e-06
167730,finetune,ft-19,,0.102805,1.3504256593607357e-06
167780,finetune,ft-19,,0.10286,1.3542317644733143e-06
167830,finetune,ft-19,,0.102859,1.3580428132500203e-06
167880,finetune,ft-19,,0.102911,1.361858800592979e-06
167930,finetune,ft-19,,0.102978,1.3656797213977164e-06
167980,finetune,ft-19,,0.10299,1.369505570553156e-06
168030,finetune,ft-19,,0.102896,1.373336342941632e-06
168080,finetune,ft-19,,0.102906,1.377172033438892e-06
168230,finetune,ft-19,,0.102872,1.3887085622421905e-06
168280,finetune,ft-19,,0.102902,1.3925638738005797e-06
168330,finetune,ft-19,,0.102894,1.3964240777479376e-06
168380,finetune,ft-19,,0.102884,1.4002891689206482e-06
168430,finetune,ft-19,,0.102947,1.4041591421485487e-06
168480,finetune,ft-19,,0.10294,1.4080339922549467e-06
168530,finetune,ft-19,,0.102891,1.4119137140566372e-06
168630,finetune,ft-19,,0.102995,1.4196877519804388e-06
168680,finetune,ft-19,,0.103004,1.4235820577035687e-06
168730,finetune,ft-19,,0.103024,1.4274812143240328e-06
168780,finetune,ft-19,,0.10303,1.431385216626106e-06
168830,finetune,ft-19,,0.102994,1.4352940593875724e-06
168880,finetune,ft-19,,0.103023,1.4392077373797513e-06
168930,finetune,ft-19,,0.103045,1.4431262453674886e-06
168980,finetune,ft-19,,0.103098,1.4470495781091749e-06
169030,finetune,ft-19,,0.103123,1.4509777303567407e-06
169080,finetune,ft-19,,0.103074,1.4549106968556704e-06
169130,finetune,ft-19,,0.102978,1.4588484723450122e-06
169180,finetune,ft-19,,0.102981,1.462791051557379e-06
169230,finetune,ft-19,,0.102908,1.4667384292189593e-06
169280,finetune,ft-19,,0.102896,1.470690600049525e-06
169330,finetune,ft-19,,0.102944,1.4746475587624308e-06
169380,finetune,ft-19,,0.102968,1.4786093000646258e-06
169430,finetune,ft-19,,0.102953,1.4825758186566692e-06
169480,finetune,ft-19,,0.102951,1.4865471092327274e-06
169530,finetune,ft-19,,0.102935,1.4905231664805855e-06
169580,finetune,ft-19,,0.102921,1.4945039850816417e-06
169630,finetune,ft-19,,0.102948,1.4984895597109354e-06
169680,finetune,ft-19,,0.102943,1.502479885037143e-06
169730,finetune,ft-19,,0.102985,1.5064749557225835e-06
169780,finetune,ft-19,,0.103002,1.5104747664232335e-06
169830,finetune,ft-19,,0.103,1.5144793117887167e-06
169880,finetune,ft-19,,0.103033,1.5184885864623346e-06
169930,finetune,ft-19,,0.103083,1.5225025850810613e-06
169980,finetune,ft-19,,0.103053,1.526521302275549e-06
170030,finetune,ft-19,,0.103069,1.530544732670144e-06
170080,finetune,ft-19,,0.103062,1.5345728708828764e-06
170130,finetune,ft-19,,0.103047,1.5386057115254834e-06
170180,finetune,ft-19,,0.103077,1.5426432492034204e-06
170230,finetune,ft-19,,0.103027,1.5466854785158534e-06
170280,finetune,ft-19,,0.103012,1.5507323940556723e-06
170330,finetune,ft-19,,0.102997,1.5547839904094962e-06
170380,finetune,ft-19,,0.102986,1.558840262157686e-06
170430,finetune,ft-19,,0.102949,1.5629012038743495e-06
170480,finetune,ft-19,,0.10296,1.5669668101273451e-06
170530,finetune,ft-19,,0.102943,1.5710370754782973e-06
170580,finetune,ft-19,,0.102896,1.5751119944825848e-06
170630,finetune,ft-19,,0.102897,1.5791915616893786e-06
170680,finetune,ft-19,,0.102854,1.5832757716416192e-06
170730,finetune,ft-19,,0.10287,1.5873646188760464e-06
170780,finetune,ft-19,,0.102883,1.5914580979231904e-06
170830,finetune,ft-19,,0.102861,1.5955562033073807e-06
170880,finetune,ft-19,,0.102858,1.5996589295467705e-06
170930,finetune,ft-19,,0.10288,1.6037662711533256e-06
170980,finetune,ft-19,,0.102855,1.6078782226328375e-06
171080,finetune,ft-19,,0.102839,1.6161159332030801e-06
171130,finetune,ft-19,,0.102832,1.6202416812745887e-06
171180,finetune,ft-19,,0.102801,1.6243720171806366e-06
171230,finetune,ft-19,,0.1028,1.628506935396255e-06
171280,finetune,ft-19,,0.102785,1.6326464303903512e-06
171330,finetune,ft-19,,0.102796,1.6367904966257017e-06
171380,finetune,ft-19,,0.102773,1.6409391285589785e-06
171430,finetune,ft-19,,0.10278,1.6450923206407402e-06
171480,finetune,ft-19,,0.102748,1.649250067315451e-06
171530,finetune,ft-19,,0.102761,1.6534123630214756e-06
171580,finetune,ft-19,,0.102775,1.6575792021910946e-06
171630,finetune,ft-19,,0.102782,1.661750579250517e-06
171680,finetune,ft-19,,0.102788,1.6659264886198775e-06
171730,finetune,ft-19,,0.10278,1.6701069247132454e-06
171780,finetune,ft-19,,0.102767,1.6742918819386437e-06
171830,finetune,ft-19,,0.102757,1.6784813546980367e-06
171880,finetune,ft-19,,0.102735,1.682675337387355e-06
171930,finetune,ft-19,,0.102762,1.6868738243964974e-06
171980,finetune,ft-19,,0.102776,1.6910768101093324e-06
172030,finetune,ft-19,,0.102754,1.6952842889037192e-06
172080,finetune,ft-19,,0.102764,1.6994962551514944e-06
172130,finetune,ft-19,,0.102768,1.7037127032185033e-06
172180,finetune,ft-19,,0.10278,1.7079336274645907e-06
172230,finetune,ft-19,,0.102763,1.712159022243611e-06
172280,finetune,ft-19,,0.102781,1.716388881903451e-06
172330,finetune,ft-19,,0.102764,1.7206232007860057e-06
172380,finetune,ft-19,,0.102734,1.724861973227221e-06
172430,finetune,ft-19,,0.102751,1.7291051935570806e-06
172480,finetune,ft-19,,0.102759,1.733352856099617e-06
172530,finetune,ft-19,,0.102786,1.7376049551729268e-06
172580,finetune,ft-19,,0.102776,1.7418614850891584e-06
172630,finetune,ft-19,,0.102777,1.7461224401545462e-06
172680,finetune,ft-19,,0.102784,1.7503878146694013e-06
172730,finetune,ft-19,,0.102765,1.754657602928121e-06
172780,finetune,ft-19,,0.10276,1.758931799219205e-06
172830,finetune,ft-19,,0.102749,1.7632103978252443e-06
172880,finetune,ft-19,,0.102751,1.7674933930229532e-06
172930,finetune,ft-19,,0.102749,1.7717807790831602e-06
172980,finetune,ft-19,,0.102743,1.7760725502708189e-06
173030,finetune,ft-19,,0.102777,1.7803687008450199e-06
173080,finetune,ft-19,,0.102788,1.7846692250589913e-06
173130,finetune,ft-19,,0.1028,1.788974117160116e-06
173180,finetune,ft-19,,0.102811,1.7932833713899333e-06
173230,finetune,ft-19,,0.102819,1.7975969819841463e-06
173280,finetune,ft-19,,0.102823,1.801914943172631e-06
173330,finetune,ft-19,,0.102808,1.8062372491794406e-06
173380,finetune,ft-19,,0.102773,1.8105638942228226e-06
173430,finetune,ft-19,,0.102799,1.8148948725152133e-06
173480,finetune,ft-19,,0.102816,1.819230178263261e-06
173530,finetune,ft-19,,0.10281,1.8235698056678186e-06
173630,finetune,ft-19,,0.102824,1.8322620022209812e-06
173680,finetune,ft-19,,0.10284,1.8366145597424283e-06
173730,finetune,ft-19,,0.102842,1.8409714156660754e-06
173830,finetune,ft-19,,0.102873,1.8496979994023338e-06
173927,finetune,ft-20,,0.099386,1.8581791468155017e-06
173977,finetune,ft-20,,0.102467,1.8625571512286416e-06
174027,finetune,ft-20,,0.102146,1.866939419341743e-06
174077,finetune,ft-20,,0.101394,1.8713259452928252e-06
174127,finetune,ft-20,,0.101746,1.8757167232142387e-06
174177,finetune,ft-20,,0.101959,1.8801117472326295e-06
174227,finetune,ft-20,,0.101913,1.8845110114689794e-06
174277,finetune,ft-20,,0.102009,1.8889145100385863e-06
174327,finetune,ft-20,,0.102089,1.893322237051076e-06
174377,finetune,ft-20,,0.102156,1.89773418661044e-06
174427,finetune,ft-20,,0.102172,1.9021503528150044e-06
174477,finetune,ft-20,,0.102096,1.9065707297574684e-06
174527,finetune,ft-20,,0.102365,1.910995311524881e-06
174577,finetune,ft-20,,0.102284,1.9154240921986826e-06
174627,finetune,ft-20,,0.102351,1.9198570658546885e-06
174677,finetune,ft-20,,0.102262,1.92429422656311e-06
174727,finetune,ft-20,,0.102391,1.9287355683885528e-06
174777,finetune,ft-20,,0.102384,1.933181085390041e-06
174827,finetune,ft-20,,0.102444,1.937630771620992e-06
174877,finetune,ft-20,,0.102437,1.942084621129272e-06
174927,finetune,ft-20,,0.102526,1.946542627957156e-06
174977,finetune,ft-20,,0.102614,1.9510047861413726e-06
175027,finetune,ft-20,,0.102596,1.9554710897130944e-06
175077,finetune,ft-20,,0.102512,1.9599415326979394e-06
175127,finetune,ft-20,,0.102679,1.9644161091159966e-06
175177,finetune,ft-20,,0.102686,1.9688948129818253e-06
175227,finetune,ft-20,,0.102704,1.973377638304468e-06
175277,finetune,ft-20,,0.102659,1.9778645790874457e-06
175327,finetune,ft-20,,0.10267,1.9823556293287785e-06
175377,finetune,ft-20,,0.10268,1.9868507830209872e-06
175427,finetune,ft-20,,0.102602,1.9913500341511114e-06
175477,finetune,ft-20,,0.102743,1.995853376700694e-06
175527,finetune,ft-20,,0.102767,2.00036080464583e-06
175577,finetune,ft-20,,0.102815,2.0048723119571164e-06
175627,finetune,ft-20,,0.102775,2.009387892599727e-06
175677,finetune,ft-20,,0.102805,2.013907540533369e-06
175727,finetune,ft-20,,0.102809,2.018431249712302e-06
175777,finetune,ft-20,,0.102835,2.022959014085372e-06
175827,finetune,ft-20,,0.102784,2.0274908275959787e-06
175877,finetune,ft-20,,0.102804,2.03202668418213e-06
175927,finetune,ft-20,,0.102744,2.036566577776402e-06
175977,finetune,ft-20,,0.102804,2.0411105023059873e-06
176027,finetune,ft-20,,0.102836,2.045658451692685e-06
176077,finetune,ft-20,,0.10289,2.050210419852901e-06
176127,finetune,ft-20,,0.102886,2.054766400697669e-06
176177,finetune,ft-20,,0.102877,2.0593263881326614e-06
176227,finetune,ft-20,,0.10286,2.0638903760581815e-06
176277,finetune,ft-20,,0.102865,2.0684583583691985e-06
176327,finetune,ft-20,,0.102864,2.07303032895531e-06
176377,finetune,ft-20,,0.102876,2.077606281700804e-06
176427,finetune,ft-20,,0.102917,2.0821862104846336e-06
176477,finetune,ft-20,,0.102867,2.0867701091804265e-06
176527,finetune,ft-20,,0.102813,2.0913579716565176e-06
176577,finetune,ft-20,,0.102839,2.0959497917759144e-06
176627,finetune,ft-20,,0.102855,2.1005455633963537e-06
176677,finetune,ft-20,,0.102946,2.1051452803702698e-06
176727,finetune,ft-20,,0.10295,2.1097489365448357e-06
176777,finetune,ft-20,,0.102966,2.1143565257619415e-06
176827,finetune,ft-20,,0.10298,2.1189680418582205e-06
176877,finetune,ft-20,,0.102923,2.123583478665048e-06
176927,finetune,ft-20,,0.102917,2.1282028300085683e-06
176977,finetune,ft-20,,0.10295,2.1328260897096775e-06
177027,finetune,ft-20,,0.102975,2.1374532515840557e-06
177077,finetune,ft-20,,0.103058,2.142084309442142e-06
177127,finetune,ft-20,,0.10309,2.1467192570891875e-06
177177,finetune,ft-20,,0.103067,2.151358088325222e-06
177227,finetune,ft-20,,0.103108,2.156000796945094e-06
177277,finetune,ft-20,,0.103084,2.1606473767384573e-06
177327,finetune,ft-20,,0.10311,2.1652978214897865e-06
177377,finetune,ft-20,,0.103136,2.1699521249783946e-06
177427,finetune,ft-20,,0.103125,2.174610280978422e-06
177477,finetune,ft-20,,0.103131,2.1792722832588715e-06
177527,finetune,ft-20,,0.103122,2.183938125583579e-06
177577,finetune,ft-20,,0.103096,2.188607801711264e-06
177627,finetune,ft-20,,0.103124,2.193281305395503e-06
177677,finetune,ft-20,,0.10316,2.1979586303847656e-06
177727,finetune,ft-20,,0.103125,2.2026397704223962e-06
177777,finetune,ft-20,,0.103145,2.2073247192466446e-06
177827,finetune,ft-20,,0.10318,2.212013470590664e-06
177877,finetune,ft-20,,0.103175,2.216706018182527e-06
177927,finetune,ft-20,,0.10318,2.221402355745216e-06
177977,finetune,ft-20,,0.103171,2.226102476996652e-06
178027,finetune,ft-20,,0.103155,2.230806375649694e-06
178077,finetune,ft-20,,0.103163,2.235514045412141e-06
178127,finetune,ft-20,,0.103142,2.240225479986758e-06
178177,finetune,ft-20,,0.103164,2.244940673071266e-06
178227,finetune,ft-20,,0.103169,2.249659618358374e-06
178277,finetune,ft-20,,0.103185,2.2543823095357408e-06
178327,finetune,ft-20,,0.103181,2.2591087402860465e-06
178377,finetune,ft-20,,0.103172,2.2638389042869484e-06
178427,finetune,ft-20,,0.103141,2.2685727952111266e-06
178477,finetune,ft-20,,0.103093,2.2733104067262593e-06
178527,finetune,ft-20,,0.103094,2.278051732495055e-06
178577,finetune,ft-20,,0.103085,2.282796766175252e-06
178627,finetune,ft-20,,0.103093,2.2875455014196374e-06
178677,finetune,ft-20,,0.103122,2.292297931876038e-06
178727,finetune,ft-20,,0.103089,2.2970540511873386e-06
178777,finetune,ft-20,,0.103078,2.301813852991489e-06
178827,finetune,ft-20,,0.10308,2.3065773309215128e-06
178877,finetune,ft-20,,0.103082,2.3113444786055248e-06
178927,finetune,ft-20,,0.103081,2.316115289666721e-06
178977,finetune,ft-20,,0.103054,2.320889757723405e-06
179027,finetune,ft-20,,0.103088,2.3256678763889753e-06
179077,finetune,ft-20,,0.1031,2.330449639271964e-06
179127,finetune,ft-20,,0.103088,2.3352350399760147e-06
179177,finetune,ft-20,,0.103074,2.340024072099914e-06
179227,finetune,ft-20,,0.10308,2.3448167292375872e-06
179277,finetune,ft-20,,0.103088,2.3496130049781105e-06
179327,finetune,ft-20,,0.103084,2.3544128929057226e-06
179377,finetune,ft-20,,0.103058,2.359216386599819e-06
179427,finetune,ft-20,,0.10305,2.364023479634992e-06
179477,finetune,ft-20,,0.103048,2.368834165581002e-06
179527,finetune,ft-20,,0.103002,2.373648438002807e-06
179577,finetune,ft-20,,0.102999,2.378466290460572e-06
179627,finetune,ft-20,,0.103028,2.3832877165096746e-06
179677,finetune,ft-20,,0.103044,2.3881127097007015e-06
179727,finetune,ft-20,,0.103037,2.392941263579488e-06
179777,finetune,ft-20,,0.103049,2.3977733716870752e-06
179827,finetune,ft-20,,0.103028,2.4026090275597777e-06
179877,finetune,ft-20,,0.103001,2.407448224729151e-06
179927,finetune,ft-20,,0.103037,2.412290956722024e-06
179977,finetune,ft-20,,0.103009,2.417137217060485e-06
180027,finetune,ft-20,,0.103003,2.4219869992619096e-06
180077,finetune,ft-20,,0.103003,2.426840296838959e-06
180127,finetune,ft-20,,0.103017,2.431697103299591e-06
180177,finetune,ft-20,,0.103013,2.4365574121470794e-06
180227,finetune,ft-20,,0.10299,2.4414212168800015e-06
180277,finetune,ft-20,,0.103003,2.4462885109922676e-06
180327,finetune,ft-20,,0.102986,2.4511592879731042e-06
180377,finetune,ft-20,,0.102969,2.4560335413071035e-06
180427,finetune,ft-20,,0.10297,2.4609112644741858e-06
180477,finetune,ft-20,,0.103006,2.4657924509496507e-06
180527,finetune,ft-20,,0.103026,2.4706770942041384e-06
180577,finetune,ft-20,,0.10303,2.4755651877036897e-06
180627,finetune,ft-20,,0.103042,2.4804567249097087e-06
180677,finetune,ft-20,,0.103019,2.4853516992790183e-06
180727,finetune,ft-20,,0.103024,2.490250104263825e-06
180777,finetune,ft-20,,0.103009,2.4951519333117474e-06
180827,finetune,ft-20,,0.102997,2.5000571798658297e-06
180877,finetune,ft-20,,0.102985,2.504965837364541e-06
180927,finetune,ft-20,,0.102983,2.5098778992417956e-06
180977,finetune,ft-20,,0.102994,2.514793358926944e-06
181027,finetune,ft-20,,0.102971,2.5197122098447925e-06
181077,finetune,ft-20,,0.102993,2.5246344454156156e-06
181127,finetune,ft-20,,0.102986,2.5295600590551587e-06
181177,finetune,ft-20,,0.102978,2.5344890441746473e-06
181191,finetune,ft-23,,0.112172,2.5358697632794724e-06
181241,finetune,ft-23,,0.112175,2.5408030542717597e-06
181291,finetune,ft-23,,0.112172,2.545739701704746e-06
181341,finetune,ft-23,,0.112175,2.5506796989748924e-06
181391,finetune,ft-23,,0.112168,2.5556230394741898e-06
181441,finetune,ft-23,,0.112176,2.5605697165901435e-06
181491,finetune,ft-23,,0.112171,2.565519723705815e-06
181541,finetune,ft-23,,0.112181,2.5704730541997936e-06
181591,finetune,ft-23,,0.112181,2.575429701446233e-06
181641,finetune,ft-23,,0.112219,2.580389658814849e-06
181691,finetune,ft-23,,0.11223,2.5853529196709202e-06
181741,finetune,ft-23,,0.11221,2.590319477375325e-06
181791,finetune,ft-23,,0.112201,2.5952893252845146e-06
181841,finetune,ft-23,,0.112186,2.6002624567505513e-06
181891,finetune,ft-23,,0.112196,2.6052388651210875e-06
181941,finetune,ft-23,,0.112183,2.610218543739418e-06
182012,finetune,ft-23,,0.11305,2.6172952932688907e-06
182062,finetune,ft-24,,0.114919,2.622282858313376e-06
182112,finetune,ft-24,,0.113114,2.6272736708066615e-06
182162,finetune,ft-24,,0.112338,2.6322677240727576e-06
182212,finetune,ft-24,,0.11221,2.63726501143134e-06
182262,finetune,ft-24,,0.112672,2.6422655261977697e-06
182312,finetune,ft-24,,0.112718,2.6472692616830705e-06
182362,finetune,ft-24,,0.11255,2.652276211193983e-06
182412,finetune,ft-24,,0.112393,2.6572863680329166e-06
182462,finetune,ft-24,,0.112263,2.6622997254980233e-06
182512,finetune,ft-24,,0.111956,2.667316276883147e-06
182562,finetune,ft-24,,0.112527,2.672336015477881e-06
182612,finetune,ft-24,,0.112804,2.67735893456754e-06
182662,finetune,ft-24,,0.112861,2.6823850274331912e-06
182712,finetune,ft-24,,0.112914,2.6874142873516556e-06
182762,finetune,ft-24,,0.112681,2.6924467075955056e-06
182812,finetune,ft-24,,0.112514,2.6974822814331112e-06
182862,finetune,ft-24,,0.11247,2.7025210021286077e-06
182912,finetune,ft-24,,0.112344,2.7075628629419234e-06
182962,finetune,ft-24,,0.112362,2.7126078571287775e-06
183012,finetune,ft-24,,0.112552,2.7176559779407153e-06
183062,finetune,ft-24,,0.11257,2.7227072186250844e-06
183112,finetune,ft-24,,0.112447,2.727761572425078e-06
183162,finetune,ft-24,,0.112531,2.7328190325796966e-06
183212,finetune,ft-24,,0.112534,2.7378795923238132e-06
183262,finetune,ft-24,,0.112472,2.7429432448881375e-06
183312,finetune,ft-24,,0.112464,2.7480099834992515e-06
183362,finetune,ft-24,,0.112552,2.7530798013796015e-06
183412,finetune,ft-24,,0.112734,2.758152691747524e-06
183462,finetune,ft-24,,0.112756,2.7632286478172364e-06
183512,finetune,ft-24,,0.112708,2.7683076627988536e-06
183562,finetune,ft-24,,0.112702,2.7733897298984147e-06
183612,finetune,ft-24,,0.112638,2.778474842317857e-06
183662,finetune,ft-24,,0.112732,2.7835629932550537e-06
183712,finetune,ft-24,,0.112703,2.7886541759038155e-06
183762,finetune,ft-24,,0.112701,2.7937483834538944e-06
183812,finetune,ft-24,,0.112673,2.7988456090909925e-06
183862,finetune,ft-24,,0.112589,2.8039458459967915e-06
183912,finetune,ft-24,,0.112527,2.8090490873489128e-06
183962,finetune,ft-24,,0.112579,2.814155326320994e-06
184012,finetune,ft-24,,0.112502,2.8192645560826353e-06
184062,finetune,ft-24,,0.112481,2.8243767697994605e-06
184112,finetune,ft-24,,0.112519,2.8294919606330816e-06
184162,finetune,ft-24,,0.112485,2.8346101217411366e-06
184212,finetune,ft-24,,0.112447,2.8397312462772925e-06
184262,finetune,ft-24,,0.112443,2.8448553273912444e-06
184312,finetune,ft-24,,0.112354,2.849982358228751e-06
184362,finetune,ft-24,,0.112359,2.8551123319315973e-06
184412,finetune,ft-24,,0.112433,2.860245241637656e-06
184462,finetune,ft-24,,0.11247,2.8653810804808565e-06
184512,finetune,ft-24,,0.112477,2.870519841591219e-06
184562,finetune,ft-24,,0.112448,2.8756615180948548e-06
184612,finetune,ft-24,,0.112451,2.88080610311397e-06
184662,finetune,ft-24,,0.112434,2.885953589766879e-06
184712,finetune,ft-24,,0.112515,2.8911039711680253e-06
184762,finetune,ft-24,,0.112491,2.8962572404279693e-06
184812,finetune,ft-24,,0.112533,2.9014133906534215e-06
184862,finetune,ft-24,,0.112583,2.906572414947218e-06
184912,finetune,ft-24,,0.112579,2.9117343064083704e-06
184962,finetune,ft-24,,0.112596,2.9168990581320488e-06
185012,finetune,ft-24,,0.112591,2.9220666632095833e-06
185062,finetune,ft-24,,0.112577,2.9272371147285176e-06
185112,finetune,ft-24,,0.112572,2.9324104057725504e-06
185162,finetune,ft-24,,0.112538,2.9375865294216125e-06
185212,finetune,ft-24,,0.11251,2.942765478751829e-06
185262,finetune,ft-24,,0.112514,2.9479472468355563e-06
185312,finetune,ft-24,,0.112459,2.9531318267413776e-06
185362,finetune,ft-24,,0.112408,2.958319211534101e-06
185412,finetune,ft-24,,0.112412,2.9635093942747945e-06
185462,finetune,ft-24,,0.112378,2.968702368020792e-06
185512,finetune,ft-24,,0.112302,2.973898125825678e-06
185562,finetune,ft-24,,0.112297,2.9790966607393303e-06
185612,finetune,ft-24,,0.112269,2.9842979658078764e-06
185662,finetune,ft-24,,0.112251,2.989502034073786e-06
185712,finetune,ft-24,,0.112293,2.994708858575798e-06
185762,finetune,ft-24,,0.112316,2.999918432348975e-06
185812,finetune,ft-24,,0.11231,3.0051307484247133e-06
185862,finetune,ft-24,,0.112326,3.0103457998307166e-06
185912,finetune,ft-24,,0.112303,3.015563579591052e-06
185962,finetune,ft-24,,0.112273,3.020784080726125e-06
186012,finetune,ft-24,,0.112282,3.0260072962527073e-06
186062,finetune,ft-24,,0.112263,3.031233219183937e-06
186112,finetune,ft-24,,0.112213,3.036461842529328e-06
186162,finetune,ft-24,,0.112197,3.041693159294785e-06
186212,finetune,ft-24,,0.112163,3.046927162482612e-06
186262,finetune,ft-24,,0.112189,3.0521638450915086e-06
186312,finetune,ft-24,,0.112178,3.0574032001166084e-06
186362,finetune,ft-24,,0.112185,3.062645220549458e-06
186412,finetune,ft-24,,0.112219,3.0678898993780327e-06
186462,finetune,ft-24,,0.112247,3.073137229586769e-06
186512,finetune,ft-24,,0.112292,3.0783872041565382e-06
186562,finetune,ft-24,,0.112296,3.083639816064698e-06
186612,finetune,ft-24,,0.112323,3.0888950582850446e-06
186662,finetune,ft-24,,0.112321,3.094152923787893e-06
186712,finetune,ft-24,,0.112325,3.0994134055400197e-06
186762,finetune,ft-24,,0.112301,3.104676496504722e-06
186812,finetune,ft-24,,0.11231,3.1099421896417966e-06
186862,finetune,ft-24,,0.112315,3.115210477907556e-06
186912,finetune,ft-24,,0.112307,3.1204813542548455e-06
186962,finetune,ft-24,,0.112298,3.1257548116330583e-06
187033,finetune,ft-25,,0.116263,3.133247542019587e-06
187083,finetune,ft-25,,0.114671,3.138527216294732e-06
187133,finetune,ft-25,,0.11327,3.1438094474616418e-06
187183,finetune,ft-25,,0.112606,3.1490942284545245e-06
187233,finetune,ft-25,,0.112057,3.154381552204157e-06
187283,finetune,ft-25,,0.112123,3.159671411637928e-06
187333,finetune,ft-25,,0.11167,3.1649637996798276e-06
187383,finetune,ft-25,,0.111446,3.1702587092504664e-06
187433,finetune,ft-25,,0.111625,3.175556133267068e-06
187483,finetune,ft-25,,0.111257,3.1808560646435216e-06
187533,finetune,ft-25,,0.111116,3.1861584962903382e-06
187583,finetune,ft-25,,0.111049,3.1914634211146904e-06
187633,finetune,ft-25,,0.111078,3.1967708320204204e-06
187683,finetune,ft-25,,0.111121,3.2020807219080355e-06
187733,finetune,ft-25,,0.110898,3.2073930836747418e-06
187783,finetune,ft-25,,0.110942,3.2127079102144203e-06
187833,finetune,ft-25,,0.110954,3.218025194417676e-06
187883,finetune,ft-25,,0.110834,3.2233449291718058e-06
187933,finetune,ft-25,,0.11079,3.228667107360843e-06
187983,finetune,ft-25,,0.110711,3.2339917218655425e-06
188033,finetune,ft-25,,0.110568,3.2393187655634135e-06
188083,finetune,ft-25,,0.110524,3.2446482313287064e-06
188133,finetune,ft-25,,0.110426,3.249980112032425e-06
188183,finetune,ft-25,,0.110432,3.2553144005423536e-06
188233,finetune,ft-25,,0.110436,3.2606510897230602e-06
188283,finetune,ft-25,,0.110649,3.265990172435886e-06
188333,finetune,ft-25,,0.110495,3.271331641538979e-06
188383,finetune,ft-25,,0.110341,3.2766754898872977e-06
188433,finetune,ft-25,,0.110404,3.2820217103326085e-06
188483,finetune,ft-25,,0.110331,3.2873702957235194e-06
188533,finetune,ft-25,,0.110359,3.292721238905456e-06
188583,finetune,ft-25,,0.1104,3.2980745327207198e-06
188633,finetune,ft-25,,0.110345,3.3034301700084224e-06
188683,finetune,ft-25,,0.110298,3.3087881436045823e-06
188733,finetune,ft-25,,0.110248,3.314148446342077e-06
188783,finetune,ft-25,,0.11021,3.3195110710506773e-06
188833,finetune,ft-25,,0.11014,3.3248760105570255e-06
188883,finetune,ft-25,,0.110135,3.3302432576846843e-06
188933,finetune,ft-25,,0.110121,3.335612805254125e-06
188983,finetune,ft-25,,0.110076,3.340984646082752e-06
189033,finetune,ft-25,,0.11,3.3463587729848907e-06
189083,finetune,ft-25,,0.109894,3.351735178771807e-06
189133,finetune,ft-25,,0.109944,3.3571138562517254e-06
189183,finetune,ft-25,,0.109825,3.362494798229828e-06
189233,finetune,ft-25,,0.109814,3.36787799750827e-06
189283,finetune,ft-25,,0.109839,3.373263446886186e-06
189333,finetune,ft-25,,0.109743,3.378651139159708e-06
189383,finetune,ft-25,,0.109709,3.3840410671219466e-06
189433,finetune,ft-25,,0.10966,3.389433223563048e-06
189483,finetune,ft-25,,0.109581,3.3948276012701562e-06
189533,finetune,ft-25,,0.109653,3.4002241930274596e-06
189583,finetune,ft-25,,0.109591,3.4056229916161814e-06
189633,finetune,ft-25,,0.10955,3.4110239898145816e-06
189683,finetune,ft-25,,0.109472,3.4164271803979894e-06
189733,finetune,ft-25,,0.109405,3.4218325561387914e-06
189783,finetune,ft-25,,0.10945,3.427240109806473e-06
189833,finetune,ft-25,,0.109423,3.4326498341675796e-06
189883,finetune,ft-25,,0.10941,3.4380617219857677e-06
189933,finetune,ft-25,,0.109389,3.443475766021793e-06
189983,finetune,ft-25,,0.109434,3.448891959033537e-06
190033,finetune,ft-25,,0.109399,3.4543102937759945e-06
190083,finetune,ft-25,,0.109406,3.4597307630013103e-06
190133,finetune,ft-25,,0.109405,3.46515335945875e-06
190183,finetune,ft-25,,0.109413,3.4705780758947608e-06
190233,finetune,ft-25,,0.109361,3.476004905052931e-06
190283,finetune,ft-25,,0.109324,3.4814338396740462e-06
190333,finetune,ft-25,,0.109317,3.4868648724960577e-06
190383,finetune,ft-25,,0.109313,3.492297996254111e-06
190433,finetune,ft-25,,0.109291,3.497733203680562e-06
190483,finetune,ft-25,,0.109292,3.5031704875049794e-06
190533,finetune,ft-25,,0.109286,3.508609840454152e-06
190583,finetune,ft-25,,0.109272,3.5140512552520938e-06
190633,finetune,ft-25,,0.109277,3.5194947246200716e-06
190683,finetune,ft-25,,0.109296,3.5249402412765936e-06
190733,finetune,ft-25,,0.109306,3.5303877979374412e-06
190783,finetune,ft-25,,0.109355,3.5358373873156577e-06
190833,finetune,ft-25,,0.109412,3.5412890021215793e-06
190883,finetune,ft-25,,0.109373,3.5467426350628118e-06
190933,finetune,ft-25,,0.109298,3.5521982788442817e-06
190983,finetune,ft-25,,0.109289,3.5576559261682176e-06
191033,finetune,ft-25,,0.109303,3.563115569734167e-06
191083,finetune,ft-25,,0.109251,3.5685772022390155e-06
191133,finetune,ft-25,,0.109233,3.5740408163769685e-06
191183,finetune,ft-25,,0.109185,3.579506404839603e-06
191233,finetune,ft-25,,0.109128,3.584973960315836e-06
191283,finetune,ft-25,,0.109128,3.5904434754919705e-06
191333,finetune,ft-25,,0.109118,3.5959149430516765e-06
191383,finetune,ft-25,,0.109089,3.601388355676019e-06
191433,finetune,ft-25,,0.109059,3.606863706043453e-06
191483,finetune,ft-25,,0.109091,3.6123409868298576e-06
191533,finetune,ft-25,,0.109081,3.617820190708506e-06
191583,finetune,ft-25,,0.109065,3.623301310350128e-06
191633,finetune,ft-25,,0.109063,3.6287843384228562e-06
191683,finetune,ft-25,,0.10904,3.6342692675923006e-06
191733,finetune,ft-25,,0.109049,3.639756090521508e-06
191783,finetune,ft-25,,0.109048,3.645244799871017e-06
191833,finetune,ft-25,,0.109031,3.6507353882988032e-06
191883,finetune,ft-25,,0.109025,3.656227848460369e-06
191933,finetune,ft-25,,0.108985,3.6617221730086866e-06
191983,finetune,ft-25,,0.109006,3.667218354594241e-06
192033,finetune,ft-25,,0.109015,3.672716385865051e-06
192083,finetune,ft-25,,0.109008,3.678216259466627e-06
192133,finetune,ft-25,,0.109011,3.6837179680420488e-06
192183,finetune,ft-25,,0.109006,3.6892215042319145e-06
192233,finetune,ft-25,,0.108992,3.6947268606743975e-06
192283,finetune,ft-25,,0.109007,3.700234030005228e-06
192333,finetune,ft-25,,0.109006,3.7057430048577116e-06
192383,finetune,ft-25,,0.108991,3.7112537778627296e-06
192433,finetune,ft-25,,0.10899,3.7167663416487784e-06
192483,finetune,ft-25,,0.10898,3.72228068884194e-06
192533,finetune,ft-25,,0.108957,3.7277968120659267e-06
192583,finetune,ft-25,,0.108924,3.733314703942055e-06
192633,finetune,ft-25,,0.108913,3.7388343570892973e-06
192683,finetune,ft-25,,0.108935,3.744355764124255e-06
192733,finetune,ft-25,,0.108908,3.749878917661185e-06
192783,finetune,ft-25,,0.108895,3.7554038103120314e-06
192833,finetune,ft-25,,0.108897,3.7609304346863664e-06
192883,finetune,ft-25,,0.10891,3.7664587833914838e-06
192933,finetune,ft-25,,0.108882,3.7719888490323526e-06
192983,finetune,ft-25,,0.10889,3.7775206242116597e-06
193033,finetune,ft-25,,0.108912,3.7830541015297925e-06
193083,finetune,ft-25,,0.108914,3.7885892735848627e-06
193133,finetune,ft-25,,0.108891,3.7941261329727175e-06
193183,finetune,ft-25,,0.108884,3.799664672286955e-06
193233,finetune,ft-25,,0.108901,3.8052048841189073e-06
193283,finetune,ft-25,,0.108889,3.810746761057698e-06
193333,finetune,ft-25,,0.108866,3.8162902956901915e-06
193383,finetune,ft-25,,0.108865,3.821835480601052e-06
193433,finetune,ft-25,,0.108858,3.827382308372738e-06
193483,finetune,ft-25,,0.108832,3.832930771585494e-06
193533,finetune,ft-25,,0.108813,3.838480862817405e-06
193583,finetune,ft-25,,0.108806,3.8440325746443445e-06
193633,finetune,ft-25,,0.108795,3.849585899640053e-06
193683,finetune,ft-25,,0.108784,3.855140830376076e-06
193733,finetune,ft-25,,0.108766,3.860697359421845e-06
193783,finetune,ft-25,,0.108754,3.866255479344632e-06
193833,finetune,ft-25,,0.108717,3.8718151827095885e-06
193883,finetune,ft-25,,0.108709,3.877376462079752e-06
193933,finetune,ft-25,,0.108717,3.8829393100160456e-06
193983,finetune,ft-25,,0.10871,3.888503719077289e-06
194033,finetune,ft-25,,0.108711,3.89406968182024e-06
194083,finetune,ft-25,,0.108681,3.89963719079954e-06
194133,finetune,ft-25,,0.108702,3.905206238567779e-06
194183,finetune,ft-25,,0.108692,3.910776817675508e-06
194233,finetune,ft-25,,0.108702,3.916348920671191e-06
194283,finetune,ft-25,,0.108721,3.921922540101288e-06
194333,finetune,ft-25,,0.108713,3.927497668510205e-06
194383,finetune,ft-25,,0.108718,3.9330742984403566e-06
194433,finetune,ft-25,,0.108686,3.938652422432126e-06
194483,finetune,ft-25,,0.108691,3.944232033023914e-06
194533,finetune,ft-25,,0.108686,3.949813122752116e-06
194583,finetune,ft-25,,0.108686,3.95539568415116e-06
194633,finetune,ft-25,,0.108683,3.960979709753502e-06
194683,finetune,ft-25,,0.108661,3.966565192089647e-06
194733,finetune,ft-25,,0.10865,3.972152123688139e-06
194783,finetune,ft-25,,0.108647,3.97774049707559e-06
194833,finetune,ft-25,,0.108647,3.983330304776685e-06
194883,finetune,ft-25,,0.108631,3.988921539314178e-06
194933,finetune,ft-25,,0.108622,3.994514193208937e-06
194983,finetune,ft-25,,0.108628,4.000108258979913e-06
195033,finetune,ft-25,,0.108634,4.00570372914418e-06
195083,finetune,ft-25,,0.108633,4.011300596216912e-06
195133,finetune,ft-25,,0.10863,4.016898852711442e-06
195183,finetune,ft-25,,0.108619,4.022498491139227e-06
195233,finetune,ft-25,,0.108621,4.028099504009895e-06
195283,finetune,ft-25,,0.108627,4.0337018838312055e-06
195333,finetune,ft-25,,0.108599,4.0393056231091065e-06
195383,finetune,ft-25,,0.108567,4.0449107143477304e-06
195433,finetune,ft-25,,0.108543,4.050517150049392e-06
195483,finetune,ft-25,,0.108535,4.056124922714617e-06
195533,finetune,ft-25,,0.108535,4.061734024842139e-06
195583,finetune,ft-25,,0.108528,4.067344448928909e-06
195633,finetune,ft-25,,0.108511,4.072956187470112e-06
195683,finetune,ft-25,,0.108492,4.078569232959183e-06
195733,finetune,ft-25,,0.108481,4.084183577887794e-06
195783,finetune,ft-25,,0.108488,4.089799214745897e-06
195833,finetune,ft-25,,0.108476,4.095416136021694e-06
195883,finetune,ft-25,,0.108496,4.10103433420169e-06
195933,finetune,ft-25,,0.108484,4.106653801770664e-06
195983,finetune,ft-25,,0.108464,4.112274531211705e-06
196033,finetune,ft-25,,0.108462,4.117896515006226e-06
196083,finetune,ft-25,,0.108478,4.123519745633936e-06
196133,finetune,ft-25,,0.108476,4.1291442155728916e-06
196183,finetune,ft-25,,0.108469,4.134769917299499e-06
196233,finetune,ft-25,,0.108456,4.140396843288511e-06
196283,finetune,ft-25,,0.108437,4.146024986013024e-06
196333,finetune,ft-25,,0.108437,4.1516543379445445e-06
196383,finetune,ft-25,,0.10845,4.157284891552917e-06
196433,finetune,ft-25,,0.108427,4.162916639306415e-06
196483,finetune,ft-25,,0.108433,4.168549573671692e-06
196533,finetune,ft-25,,0.108426,4.174183687113838e-06
196583,finetune,ft-25,,0.108433,4.179818972096335e-06
196633,finetune,ft-25,,0.108413,4.185455421081123e-06
196683,finetune,ft-25,,0.108395,4.1910930265285675e-06
196733,finetune,ft-25,,0.108367,4.196731780897508e-06
196783,finetune,ft-25,,0.108361,4.2023716766452315e-06
196833,finetune,ft-25,,0.108362,4.208012706227491e-06
196883,finetune,ft-25,,0.108335,4.213654862098543e-06
196933,finetune,ft-25,,0.108313,4.219298136711134e-06
196983,finetune,ft-25,,0.108307,4.2249425225164875e-06
197033,finetune,ft-25,,0.108303,4.230588011964378e-06
197083,finetune,ft-25,,0.108291,4.236234597503077e-06
197133,finetune,ft-25,,0.108278,4.241882271579401e-06
197183,finetune,ft-25,,0.108276,4.247531026638712e-06
197233,finetune,ft-25,,0.108289,4.253180855124923e-06
197283,finetune,ft-25,,0.108298,4.258831749480507e-06
197333,finetune,ft-25,,0.108298,4.264483702146512e-06
197383,finetune,ft-25,,0.108305,4.270136705562585e-06
197439,finetune,ft-25,,0.106368,4.276469307502575e-06
197489,finetune,ft-25,,0.106979,4.282124513498751e-06
197539,finetune,ft-25,,0.106117,4.287780746647672e-06
197589,finetune,ft-25,,0.106418,4.293437999383232e-06
197639,finetune,ft-25,,0.106657,4.299096264137988e-06
197689,finetune,ft-25,,0.107315,4.304755533343121e-06
197739,finetune,ft-25,,0.107416,4.310415799428483e-06
197789,finetune,ft-25,,0.106805,4.3160770548225885e-06
197839,finetune,ft-25,,0.106583,4.321739291952638e-06
197889,finetune,ft-25,,0.106676,4.327402503244503e-06
197939,finetune,ft-25,,0.106792,4.333066681122757e-06
197989,finetune,ft-25,,0.106753,4.338731818010679e-06
198039,finetune,ft-25,,0.106661,4.34439790633027e-06
198089,finetune,ft-25,,0.106728,4.350064938502259e-06
198139,finetune,ft-25,,0.10674,4.355732906946109e-06
198189,finetune,ft-25,,0.106531,4.361401804080038e-06
198239,finetune,ft-25,,0.106448,4.3670716223210025e-06
198289,finetune,ft-25,,0.106528,4.372742354084753e-06
198339,finetune,ft-25,,0.106495,4.378413991785792e-06
198389,finetune,ft-25,,0.106392,4.384086527837438e-06
198439,finetune,ft-25,,0.10636,4.389759954651783e-06
198489,finetune,ft-25,,0.106277,4.395434264639738e-06
198539,finetune,ft-25,,0.106356,4.401109450211026e-06
198589,finetune,ft-25,,0.106344,4.406785503774222e-06
198639,finetune,ft-25,,0.106386,4.412462417736704e-06
198689,finetune,ft-25,,0.106411,4.418140184504729e-06
198739,finetune,ft-25,,0.106377,4.423818796483402e-06
198789,finetune,ft-25,,0.106383,4.42949824607669e-06
198839,finetune,ft-25,,0.106419,4.435178525687455e-06
198889,finetune,ft-25,,0.106369,4.440859627717439e-06
198939,finetune,ft-25,,0.106452,4.446541544567292e-06
198989,finetune,ft-25,,0.106562,4.452224268636545e-06
199067,finetune,ft-26,,0.105836,4.461090912027869e-06
199117,finetune,ft-26,,0.107162,4.4667756679376546e-06
199167,finetune,ft-26,,0.106818,4.472461204000584e-06
199217,finetune,ft-26,,0.106798,4.478147512611345e-06
199267,finetune,ft-26,,0.106717,4.483834586163624e-06
199317,finetune,ft-26,,0.106856,4.489522417050084e-06
199367,finetune,ft-26,,0.106665,4.49521099766237e-06
199417,finetune,ft-26,,0.10676,4.5009003203911165e-06
199467,finetune,ft-26,,0.106488,4.506590377625965e-06
199517,finetune,ft-26,,0.106427,4.512281161755587e-06
199567,finetune,ft-26,,0.106354,4.51797266516767e-06
199617,finetune,ft-26,,0.106675,4.523664880248948e-06
199667,finetune,ft-26,,0.106962,4.529357799385203e-06
199717,finetune,ft-26,,0.106884,4.535051414961259e-06
199767,finetune,ft-26,,0.106924,4.540745719361021e-06
199817,finetune,ft-26,,0.106921,4.54644070496749e-06
199867,finetune,ft-26,,0.106916,4.552136364162722e-06
199917,finetune,ft-26,,0.1066,4.557832689327896e-06
199967,finetune,ft-26,,0.106563,4.563529672843291e-06
200017,finetune,ft-26,,0.10663,4.569227307088307e-06
200067,finetune,ft-26,,0.106736,4.57492558444146e-06
200117,finetune,ft-26,,0.106729,4.580624497280438e-06
200167,finetune,ft-26,,0.10655,4.586324037982041e-06
200217,finetune,ft-26,,0.106522,4.592024198922264e-06
200267,finetune,ft-26,,0.106457,4.597724972476253e-06
200317,finetune,ft-26,,0.106451,4.6034263510183275e-06
200367,finetune,ft-26,,0.106447,4.609128326922026e-06
200417,finetune,ft-26,,0.106493,4.614830892560053e-06
200467,finetune,ft-26,,0.10636,4.620534040304352e-06
200517,finetune,ft-26,,0.106486,4.626237762526067e-06
200567,finetune,ft-26,,0.106532,4.631942051595596e-06
200617,finetune,ft-26,,0.106575,4.63764689988256e-06
200667,finetune,ft-26,,0.106565,4.643352299755835e-06
200717,finetune,ft-26,,0.106607,4.6490582435835595e-06
200767,finetune,ft-26,,0.106675,4.654764723733159e-06
200817,finetune,ft-26,,0.106643,4.6604717325713195e-06
200867,finetune,ft-26,,0.106636,4.666179262464044e-06
200917,finetune,ft-26,,0.106673,4.6718873057766124e-06
200967,finetune,ft-26,,0.106618,4.677595854873619e-06
201017,finetune,ft-26,,0.106704,4.683304902119013e-06
201067,finetune,ft-26,,0.106613,4.6890144398760505e-06
201117,finetune,ft-26,,0.106628,4.694724460507343e-06
201167,finetune,ft-26,,0.106643,4.700434956374836e-06
201217,finetune,ft-26,,0.106644,4.706145919839868e-06
201267,finetune,ft-26,,0.106562,4.71185734326313e-06
201317,finetune,ft-26,,0.106472,4.717569219004708e-06
201367,finetune,ft-26,,0.106478,4.723281539424087e-06
201417,finetune,ft-26,,0.106502,4.728994296880142e-06
201467,finetune,ft-26,,0.106456,4.734707483731172e-06
201517,finetune,ft-26,,0.106406,4.740421092334915e-06
201567,finetune,ft-26,,0.106385,4.74613511504852e-06
201617,finetune,ft-26,,0.106296,4.751849544228603e-06
201667,finetune,ft-26,,0.106343,4.757564372231222e-06
201717,finetune,ft-26,,0.106371,4.763279591411901e-06
201767,finetune,ft-26,,0.10637,4.768995194125657e-06
201817,finetune,ft-26,,0.106345,4.774711172726974e-06
201867,finetune,ft-26,,0.106367,4.780427519569858e-06
201917,finetune,ft-26,,0.106389,4.786144227007785e-06
201967,finetune,ft-26,,0.106431,4.7918612873937844e-06
202017,finetune,ft-26,,0.106469,4.79757869308039e-06
202067,finetune,ft-26,,0.106424,4.803296436419702e-06
202068,finetune,ft-28,,0.106713,4.803410794678017e-06
202117,finetune,ft-26,,0.106415,4.809014509763334e-06
202118,finetune,ft-28,,0.108626,4.80912887454372e-06
202167,finetune,ft-26,,0.106409,4.814732905462481e-06
202168,finetune,ft-28,,0.108463,4.814847276611956e-06
202218,finetune,ft-28,,0.107566,4.820565993233473e-06
202268,finetune,ft-28,,0.107299,4.826285016758604e-06
202318,finetune,ft-28,,0.107485,4.832004339537256e-06
202368,finetune,ft-28,,0.107676,4.837723953918962e-06
202418,finetune,ft-28,,0.107494,4.843443852252833e-06
202468,finetune,ft-28,,0.107351,4.849164026887627e-06
202518,finetune,ft-28,,0.107142,4.854884470171723e-06
202568,finetune,ft-28,,0.106903,4.860605174453125e-06
202618,finetune,ft-28,,0.106589,4.866326132079527e-06
202668,finetune,ft-28,,0.106613,4.872047335398235e-06
202718,finetune,ft-28,,0.106469,4.877768776756269e-06
202768,finetune,ft-28,,0.106134,4.883490448500296e-06
202818,finetune,ft-28,,0.106255,4.889212342976703e-06
202868,finetune,ft-28,,0.10611,4.8949344525315695e-06
202918,finetune,ft-28,,0.106028,4.900656769510672e-06
202968,finetune,ft-28,,0.106015,4.906379286259527e-06
203018,finetune,ft-28,,0.105955,4.9121019951233836e-06
203068,finetune,ft-28,,0.105947,4.9178248884472285e-06
203118,finetune,ft-28,,0.105902,4.9235479585758105e-06
203168,finetune,ft-28,,0.105901,4.929271197853618e-06
203218,finetune,ft-28,,0.105909,4.93499459862494e-06
203268,finetune,ft-28,,0.106055,4.940718153233843e-06
203318,finetune,ft-28,,0.105985,4.946441854024171e-06
203368,finetune,ft-28,,0.105886,4.9521656933395964e-06
203418,finetune,ft-28,,0.106006,4.957889663523586e-06
203468,finetune,ft-28,,0.105997,4.963613756919444e-06
203518,finetune,ft-28,,0.106052,4.969337965870304e-06
203568,finetune,ft-28,,0.106037,4.975062282719159e-06
203618,finetune,ft-28,,0.106081,4.980786699808828e-06
203668,finetune,ft-28,,0.106123,4.986511209482028e-06
203718,finetune,ft-28,,0.106119,4.992235804081327e-06
203768,finetune,ft-28,,0.106018,4.997960475949197e-06
203818,finetune,ft-28,,0.106108,5.003685217427996e-06
203868,finetune,ft-28,,0.106093,5.00941002086001e-06
203918,finetune,ft-28,,0.106125,5.015134878587397e-06
203968,finetune,ft-28,,0.106116,5.0208597829522875e-06
204018,finetune,ft-28,,0.106175,5.026584726296735e-06
204068,finetune,ft-28,,0.106177,5.032309700962726e-06
204118,finetune,ft-28,,0.106164,5.038034699292238e-06
204168,finetune,ft-28,,0.106186,5.043759713627171e-06
204218,finetune,ft-28,,0.106208,5.049484736309447e-06
204268,finetune,ft-28,,0.10623,5.055209759680953e-06
204318,finetune,ft-28,,0.106228,5.060934776083584e-06
204368,finetune,ft-28,,0.106189,5.066659777859233e-06
204418,finetune,ft-28,,0.106182,5.072384757349829e-06
204468,finetune,ft-28,,0.106093,5.0781097068973145e-06
204518,finetune,ft-28,,0.106128,5.083834618843683e-06
204568,finetune,ft-28,,0.106158,5.089559485530982e-06
204618,finetune,ft-28,,0.10612,5.0952842993013075e-06
204668,finetune,ft-28,,0.106184,5.101009052496832e-06
204718,finetune,ft-28,,0.106217,5.106733737459812e-06
204768,finetune,ft-28,,0.106217,5.112458346532584e-06
204818,finetune,ft-28,,0.10623,5.118182872057602e-06
204868,finetune,ft-28,,0.10623,5.12390730637742e-06
204918,finetune,ft-28,,0.106188,5.1296316418347195e-06
204968,finetune,ft-28,,0.106142,5.135355870772307e-06
205018,finetune,ft-28,,0.106159,5.141079985533145e-06
205068,finetune,ft-28,,0.106247,5.1468039784603415e-06
205118,finetune,ft-28,,0.106288,5.152527841897163e-06
205168,finetune,ft-28,,0.106266,5.158251568187054e-06
205218,finetune,ft-28,,0.106256,5.163975149673638e-06
205268,finetune,ft-28,,0.106189,5.169698578700744e-06
205318,finetune,ft-28,,0.106208,5.175421847612387e-06
205368,finetune,ft-28,,0.106229,5.181144948752808e-06
205418,finetune,ft-28,,0.106208,5.186867874466471e-06
205468,finetune,ft-28,,0.106266,5.192590617098069e-06
205518,finetune,ft-28,,0.106246,5.1983131689925585e-06
205568,finetune,ft-28,,0.106224,5.204035522495127e-06
205618,finetune,ft-28,,0.106209,5.209757669951242e-06
205668,finetune,ft-28,,0.106212,5.215479603706632e-06
205718,finetune,ft-28,,0.106201,5.221201316107335e-06
205768,finetune,ft-28,,0.106273,5.226922799499668e-06
205818,finetune,ft-28,,0.106244,5.232644046230267e-06
205868,finetune,ft-28,,0.106218,5.238365048646057e-06
205918,finetune,ft-28,,0.106221,5.244085799094311e-06
205968,finetune,ft-28,,0.106178,5.249806289922646e-06
206018,finetune,ft-28,,0.106147,5.255526513479017e-06
206068,finetune,ft-28,,0.10615,5.261246462111728e-06
206118,finetune,ft-28,,0.106185,5.266966128169466e-06
206168,finetune,ft-28,,0.10618,5.272685504001294e-06
206218,finetune,ft-28,,0.106166,5.278404581956645e-06
206268,finetune,ft-28,,0.10622,5.2841233543853786e-06
206318,finetune,ft-28,,0.106183,5.289841813637731e-06
206368,finetune,ft-28,,0.10622,5.295559952064389e-06
206418,finetune,ft-28,,0.106242,5.3012777620164434e-06
206468,finetune,ft-28,,0.106222,5.306995235845445e-06
206518,finetune,ft-28,,0.106219,5.312712365903376e-06
206568,finetune,ft-28,,0.106228,5.318429144542697e-06
206618,finetune,ft-28,,0.106192,5.324145564116318e-06
206668,finetune,ft-28,,0.106166,5.329861616977644e-06
206718,finetune,ft-28,,0.106162,5.3355772954805655e-06
206768,finetune,ft-28,,0.106111,5.3412925919794775e-06
206818,finetune,ft-28,,0.106097,5.347007498829286e-06
206868,finetune,ft-28,,0.106095,5.352722008385403e-06
206918,finetune,ft-28,,0.106079,5.358436113003796e-06
206968,finetune,ft-28,,0.106055,5.364149805040953e-06
207018,finetune,ft-28,,0.10602,5.369863076853933e-06
207068,finetune,ft-28,,0.106044,5.375575920800341e-06
207118,finetune,ft-28,,0.106047,5.381288329238364e-06
207168,finetune,ft-28,,0.106048,5.3870002945267646e-06
207218,finetune,ft-28,,0.106041,5.392711809024903e-06
207268,finetune,ft-28,,0.106012,5.3984228650927375e-06
207318,finetune,ft-28,,0.106015,5.404133455090866e-06
207368,finetune,ft-28,,0.106006,5.409843571380455e-06
207418,finetune,ft-28,,0.10599,5.41555320632336e-06
207468,finetune,ft-28,,0.10596,5.421262352282039e-06
207518,finetune,ft-28,,0.105958,5.426971001619634e-06
207568,finetune,ft-28,,0.105938,5.432679146699939e-06
207618,finetune,ft-28,,0.105926,5.43838677988742e-06
207668,finetune,ft-28,,0.105932,5.444093893547237e-06
207718,finetune,ft-28,,0.105934,5.449800480045232e-06
207768,finetune,ft-28,,0.105924,5.455506531747967e-06
207818,finetune,ft-28,,0.105936,5.461212041022698e-06
207868,finetune,ft-28,,0.105954,5.466917000237432e-06
207918,finetune,ft-28,,0.105988,5.472621401760895e-06
207968,finetune,ft-28,,0.105996,5.478325237962569e-06
208018,finetune,ft-28,,0.106009,5.484028501212678e-06
208068,finetune,ft-28,,0.105999,5.489731183882241e-06
208118,finetune,ft-28,,0.105974,5.495433278343002e-06
208168,finetune,ft-28,,0.105949,5.501134776967548e-06
208218,finetune,ft-28,,0.10594,5.506835672129233e-06
208268,finetune,ft-28,,0.105951,5.51253595620222e-06
208318,finetune,ft-28,,0.105947,5.518235621561505e-06
208368,finetune,ft-28,,0.105954,5.523934660582887e-06
208418,finetune,ft-28,,0.10596,5.529633065643024e-06
208468,finetune,ft-28,,0.105974,5.535330829119405e-06
208518,finetune,ft-28,,0.10599,5.541027943390395e-06
208568,finetune,ft-28,,0.10597,5.546724400835218e-06
208618,finetune,ft-28,,0.105958,5.5524201938339694e-06
208668,finetune,ft-28,,0.105952,5.558115314767653e-06
208718,finetune,ft-28,,0.105927,5.563809756018151e-06
208768,finetune,ft-28,,0.105932,5.569503509968263e-06
208818,finetune,ft-28,,0.10594,5.575196569001726e-06
208868,finetune,ft-28,,0.105953,5.580888925503159e-06
208918,finetune,ft-28,,0.105923,5.586580571858171e-06
208968,finetune,ft-28,,0.105911,5.592271500453294e-06
209018,finetune,ft-28,,0.105909,5.597961703676037e-06
209068,finetune,ft-28,,0.105924,5.603651173914865e-06
209118,finetune,ft-28,,0.105917,5.609339903559217e-06
209168,finetune,ft-28,,0.105925,5.615027884999544e-06
209218,finetune,ft-28,,0.105918,5.620715110627283e-06
209268,finetune,ft-28,,0.10591,5.626401572834886e-06
209318,finetune,ft-28,,0.105912,5.632087264015836e-06
209368,finetune,ft-28,,0.105896,5.637772176564623e-06
209418,finetune,ft-28,,0.105901,5.643456302876797e-06
209468,finetune,ft-28,,0.105913,5.649139635348962e-06
209518,finetune,ft-28,,0.105891,5.654822166378775e-06
209568,finetune,ft-28,,0.10587,5.660503888364972e-06
209618,finetune,ft-28,,0.105874,5.666184793707357e-06
209668,finetune,ft-28,,0.105877,5.671864874806851e-06
209718,finetune,ft-28,,0.105895,5.677544124065453e-06
209768,finetune,ft-28,,0.10589,5.683222533886281e-06
209818,finetune,ft-28,,0.105883,5.688900096673586e-06
209868,finetune,ft-28,,0.10591,5.694576804832747e-06
209918,finetune,ft-28,,0.105913,5.700252650770284e-06
209968,finetune,ft-28,,0.1059,5.70592762689387e-06
210018,finetune,ft-28,,0.105874,5.711601725612349e-06
210068,finetune,ft-28,,0.105852,5.71727493933572e-06
210118,finetune,ft-28,,0.105855,5.722947260475191e-06
210168,finetune,ft-28,,0.105869,5.728618681443145e-06
210218,finetune,ft-28,,0.105847,5.734289194653176e-06
210268,finetune,ft-28,,0.105846,5.739958792520088e-06
210318,finetune,ft-28,,0.105835,5.7456274674599265e-06
210368,finetune,ft-28,,0.105835,5.751295211889943e-06
210418,finetune,ft-28,,0.105854,5.756962018228651e-06
210468,finetune,ft-28,,0.105867,5.76262787889583e-06
210518,finetune,ft-28,,0.105891,5.7682927863125e-06
210568,finetune,ft-28,,0.105909,5.773956732900969e-06
210618,finetune,ft-28,,0.105917,5.779619711084822e-06
210668,finetune,ft-28,,0.105907,5.7852817132889555e-06
210718,finetune,ft-28,,0.105891,5.790942731939552e-06
210768,finetune,ft-28,,0.1059,5.796602759464135e-06
210818,finetune,ft-28,,0.105924,5.80226178829152e-06
210868,finetune,ft-28,,0.105935,5.807919810851892e-06
210918,finetune,ft-28,,0.105932,5.813576819576756e-06
210968,finetune,ft-28,,0.105933,5.819232806899e-06
211018,finetune,ft-28,,0.105913,5.824887765252849e-06
211068,finetune,ft-28,,0.105899,5.830541687073922e-06
211118,finetune,ft-28,,0.105881,5.8361945647992115e-06
211168,finetune,ft-28,,0.105884,5.841846390867126e-06
211218,finetune,ft-28,,0.105884,5.847497157717464e-06
211268,finetune,ft-28,,0.105895,5.853146857791455e-06
211318,finetune,ft-28,,0.105895,5.85879548353174e-06
211368,finetune,ft-28,,0.105877,5.864443027382397e-06
211418,finetune,ft-28,,0.105871,5.870089481788979e-06
211468,finetune,ft-28,,0.105881,5.875734839198458e-06
211518,finetune,ft-28,,0.105897,5.881379092059313e-06
211568,finetune,ft-28,,0.1059,5.887022232821461e-06
211618,finetune,ft-28,,0.105889,5.892664253936328e-06
211668,finetune,ft-28,,0.1059,5.898305147856828e-06
211718,finetune,ft-28,,0.105901,5.903944907037405e-06
211768,finetune,ft-28,,0.105904,5.909583523933996e-06
211818,finetune,ft-28,,0.10591,5.91522099100407e-06
211868,finetune,ft-28,,0.105897,5.920857300706645e-06
211918,finetune,ft-28,,0.105877,5.92649244550228e-06
211968,finetune,ft-28,,0.105877,5.9321264178530925e-06
212018,finetune,ft-28,,0.105889,5.937759210222774e-06
212068,finetune,ft-28,,0.105885,5.943390815076587e-06
212118,finetune,ft-28,,0.105901,5.949021224881375e-06
212168,finetune,ft-28,,0.10589,5.954650432105609e-06
212218,finetune,ft-28,,0.105892,5.960278429219342e-06
212268,finetune,ft-28,,0.105877,5.9659052086942496e-06
212318,finetune,ft-28,,0.105881,5.9715307630036365e-06
212368,finetune,ft-28,,0.105881,5.977155084622465e-06
212418,finetune,ft-28,,0.105875,5.982778166027314e-06
212474,finetune,ft-28,,0.10812,5.9890745355317745e-06
212524,finetune,ft-28,,0.104597,5.994694962809154e-06
212574,finetune,ft-28,,0.105087,6.000314126410247e-06
212624,finetune,ft-28,,0.105265,6.005932018818562e-06
212674,finetune,ft-28,,0.106011,6.011548632519274e-06
212724,finetune,ft-28,,0.10545,6.017163959999313e-06
212774,finetune,ft-28,,0.105369,6.0227779937472875e-06
212824,finetune,ft-28,,0.105581,6.028390726253563e-06
212874,finetune,ft-28,,0.105648,6.034002150010239e-06
212924,finetune,ft-28,,0.106117,6.039612257511159e-06
212974,finetune,ft-28,,0.105808,6.045221041251946e-06
213024,finetune,ft-28,,0.105571,6.050828493729963e-06
213074,finetune,ft-28,,0.105629,6.05643460744438e-06
213124,finetune,ft-28,,0.105358,6.062039374896145e-06
213174,finetune,ft-28,,0.105733,6.067642788588017e-06
213224,finetune,ft-28,,0.105508,6.0732448410245556e-06
213274,finetune,ft-28,,0.105505,6.07884552471215e-06
213324,finetune,ft-28,,0.105527,6.084444832159006e-06
213374,finetune,ft-28,,0.105542,6.0900427558751954e-06
213424,finetune,ft-28,,0.105508,6.0956392883726106e-06
213474,finetune,ft-28,,0.105428,6.101234422165023e-06
213524,finetune,ft-28,,0.105318,6.106828149768074e-06
213574,finetune,ft-28,,0.105329,6.112420463699292e-06
213624,finetune,ft-28,,0.105148,6.118011356478081e-06
213674,finetune,ft-28,,0.105152,6.123600820625749e-06
213724,finetune,ft-28,,0.105054,6.129188848665526e-06
213774,finetune,ft-28,,0.105007,6.134775433122556e-06
213824,finetune,ft-28,,0.105112,6.1403605665239195e-06
213874,finetune,ft-28,,0.105122,6.145944241398614e-06
213924,finetune,ft-28,,0.105068,6.151526450277626e-06
213974,finetune,ft-28,,0.105066,6.157107185693874e-06
214024,finetune,ft-28,,0.105073,6.162686440182261e-06
214074,finetune,ft-28,,0.104929,6.168264206279665e-06
214124,finetune,ft-28,,0.10513,6.173840476524961e-06
214174,finetune,ft-28,,0.105097,6.179415243459023e-06
214224,finetune,ft-28,,0.105056,6.184988499624737e-06
214274,finetune,ft-28,,0.105013,6.190560237566986e-06
214324,finetune,ft-28,,0.10494,6.196130449832724e-06
214374,finetune,ft-28,,0.10491,6.201699128970927e-06
214424,finetune,ft-28,,0.10483,6.207266267532616e-06
214474,finetune,ft-28,,0.104893,6.2128318580708825e-06
214524,finetune,ft-28,,0.104994,6.218395893140873e-06
214574,finetune,ft-28,,0.104998,6.223958365299838e-06
214624,finetune,ft-28,,0.105014,6.2295192671071e-06
214674,finetune,ft-28,,0.104977,6.235078591124106e-06
214724,finetune,ft-28,,0.104926,6.240636329914369e-06
214774,finetune,ft-28,,0.104941,6.246192476043571e-06
214824,finetune,ft-28,,0.10501,6.251747022079492e-06
214874,finetune,ft-28,,0.104995,6.257299960592071e-06
214924,finetune,ft-28,,0.105078,6.262851284153388e-06
214974,finetune,ft-28,,0.105055,6.26840098533769e-06
215024,finetune,ft-28,,0.105051,6.2739490567213776e-06
215074,finetune,ft-28,,0.105026,6.279495490883052e-06
215124,finetune,ft-28,,0.104985,6.285040280403498e-06
215174,finetune,ft-28,,0.104998,6.290583417865693e-06
215224,finetune,ft-28,,0.105016,6.2961248958548315e-06
215274,finetune,ft-28,,0.105004,6.301664706958322e-06
215324,finetune,ft-28,,0.105002,6.307202843765816e-06
215374,finetune,ft-28,,0.104935,6.312739298869176e-06
215424,finetune,ft-28,,0.104917,6.31827406486256e-06
215474,finetune,ft-28,,0.104872,6.323807134342337e-06
215524,finetune,ft-28,,0.104886,6.329338499907172e-06
215574,finetune,ft-28,,0.104931,6.334868154158003e-06
215624,finetune,ft-28,,0.104964,6.34039608969807e-06
215674,finetune,ft-28,,0.105007,6.345922299132901e-06
215724,finetune,ft-28,,0.105027,6.35144677507032e-06
215774,finetune,ft-28,,0.104987,6.356969510120486e-06
215824,finetune,ft-28,,0.104991,6.362490496895886e-06
215874,finetune,ft-28,,0.104983,6.368009728011343e-06
215924,finetune,ft-28,,0.104971,6.37352719608402e-06
215974,finetune,ft-28,,0.104971,6.379042893733451e-06
216024,finetune,ft-28,,0.104999,6.384556813581529e-06
216074,finetune,ft-28,,0.104962,6.390068948252541e-06
216124,finetune,ft-28,,0.104986,6.3955792903731445e-06
216174,finetune,ft-28,,0.105,6.401087832572406e-06
216224,finetune,ft-28,,0.10499,6.406594567481783e-06
216274,finetune,ft-28,,0.105002,6.412099487735175e-06
216324,finetune,ft-28,,0.104942,6.4176025859688834e-06
216374,finetune,ft-28,,0.104941,6.4231038548216645e-06
216424,finetune,ft-28,,0.104988,6.428603286934725e-06
216474,finetune,ft-28,,0.10499,6.434100874951701e-06
216475,finetune,ft-30-38,,0.1267,6.43421080785175e-06
216524,finetune,ft-28,,0.104948,6.439596611518732e-06
216525,finetune,ft-30-38,,0.127144,6.439706507314785e-06
216574,finetune,ft-28,,0.104895,6.445090489284409e-06
216575,finetune,ft-30-38,,0.126446,6.445200347829473e-06
216624,finetune,ft-28,,0.104921,6.450582500899821e-06
216625,finetune,ft-30-38,,0.126646,6.450692322046937e-06
216674,finetune,ft-28,,0.10495,6.456072639018553e-06
216675,finetune,ft-30-38,,0.126006,6.4561824226208185e-06
216724,finetune,ft-28,,0.104993,6.461560896296681e-06
216725,finetune,ft-30-38,,0.126571,6.461670642207244e-06
216774,finetune,ft-28,,0.104998,6.467047265392807e-06
216775,finetune,ft-30-38,,0.126768,6.467156973464866e-06
216824,finetune,ft-28,,0.104975,6.472531738968076e-06
216825,finetune,ft-30-38,,0.126955,6.472641409054879e-06
216874,finetune,ft-28,,0.104994,6.4780143096861346e-06
216875,finetune,ft-30-38,,0.126748,6.478123941640979e-06
216924,finetune,ft-28,,0.104982,6.48349497021321e-06
216925,finetune,ft-30-38,,0.12714,6.48360456388945e-06
216974,finetune,ft-28,,0.105018,6.4889737132180516e-06
216975,finetune,ft-30-38,,0.126946,6.4890832684690844e-06
217024,finetune,ft-28,,0.105015,6.494450531372009e-06
217025,finetune,ft-30-38,,0.126934,6.494560048051289e-06
217074,finetune,ft-28,,0.105015,6.49992541734896e-06
217084,finetune,ft-30-38,,0.127324,6.5010201620386e-06
217124,finetune,ft-28,,0.105029,6.505398363825418e-06
217134,finetune,ft-30-38,,0.125451,6.506492719736367e-06
217174,finetune,ft-28,,0.105039,6.5108693634804605e-06
217184,finetune,ft-30-38,,0.125647,6.511963329148843e-06
217224,finetune,ft-28,,0.105033,6.516338408995775e-06
217234,finetune,ft-30-38,,0.125694,6.5174319829582406e-06
217274,finetune,ft-28,,0.105029,6.521805493055651e-06
217284,finetune,ft-30-38,,0.126067,6.522898673849374e-06
217324,finetune,ft-28,,0.105011,6.527270608347028e-06
217334,finetune,ft-30-38,,0.125857,6.5283633945097224e-06
217374,finetune,ft-28,,0.10499,6.532733747559466e-06
217384,finetune,ft-30-38,,0.126053,6.533826137629349e-06
217424,finetune,ft-28,,0.105003,6.5381949033851655e-06
217434,finetune,ft-30-38,,0.125993,6.539286895900997e-06
217474,finetune,ft-28,,0.104989,6.54365406851898e-06
217484,finetune,ft-30-38,,0.126176,6.54474566202005e-06
217524,finetune,ft-28,,0.104988,6.549111235658422e-06
217534,finetune,ft-30-38,,0.126293,6.550202428684558e-06
217574,finetune,ft-28,,0.104987,6.554566397503699e-06
217584,finetune,ft-30-38,,0.126336,6.555657188595261e-06
217634,finetune,ft-30-38,,0.126327,6.56110993445555e-06
217693,finetune,ft-30-38,,0.126415,6.567541574154942e-06
217743,finetune,ft-30-38,,0.125812,6.572989904106945e-06
217793,finetune,ft-30-38,,0.125301,6.578436196823345e-06
217843,finetune,ft-30-38,,0.125315,6.583880445018873e-06
217893,finetune,ft-30-38,,0.125842,6.589322641411007e-06
217943,finetune,ft-30-38,,0.125562,6.594762778719966e-06
217993,finetune,ft-30-38,,0.125487,6.6002008496687265e-06
218043,finetune,ft-30-38,,0.125316,6.605636846983012e-06
218093,finetune,ft-30-38,,0.125712,6.611070763391337e-06
218143,finetune,ft-30-38,,0.126104,6.6165025916249975e-06
218193,finetune,ft-30-38,,0.126448,6.621932324418075e-06
218243,finetune,ft-30-38,,0.126267,6.62735995450746e-06
218302,finetune,ft-30-38,,0.128577,6.633761843617115e-06
218352,finetune,ft-30-38,,0.12559,6.639184864650647e-06
218402,finetune,ft-30-38,,0.126776,6.644605759902528e-06
218452,finetune,ft-30-38,,0.126627,6.650024522121483e-06
218502,finetune,ft-30-38,,0.12676,6.655441144059057e-06
218552,finetune,ft-30-38,,0.126666,6.6608556184696965e-06
218602,finetune,ft-30-38,,0.126802,6.666267938110675e-06
218652,finetune,ft-30-38,,0.126599,6.671678095742206e-06
218702,finetune,ft-30-38,,0.126986,6.677086084127336e-06
218752,finetune,ft-30-38,,0.126684,6.6824918960320545e-06
218802,finetune,ft-30-38,,0.126923,6.687895524225246e-06
218852,finetune,ft-30-38,,0.126707,6.693296961478716e-06
218911,finetune,ft-30-38,,0.120663,6.699667829600607e-06
218961,finetune,ft-30-38,,0.121481,6.705064465565292e-06
219011,finetune,ft-30-38,,0.122075,6.710458887624138e-06
219061,finetune,ft-30-38,,0.122415,6.715851088561249e-06
219111,finetune,ft-30-38,,0.124239,6.721241061163736e-06
219161,finetune,ft-30-38,,0.124077,6.726628798221661e-06
219211,finetune,ft-30-38,,0.1243,6.732014292528097e-06
219261,finetune,ft-30-38,,0.124609,6.737397536879113e-06
219311,finetune,ft-30-38,,0.12469,6.7427785240737694e-06
219361,finetune,ft-30-38,,0.124789,6.7481572469141715e-06
219411,finetune,ft-30-38,,0.124793,6.75353369820543e-06
219461,finetune,ft-30-38,,0.124771,6.7589078707557175e-06
219520,finetune,ft-30-38,,0.126872,6.765246453647618e-06
219570,finetune,ft-30-38,,0.124791,6.770615633628972e-06
219620,finetune,ft-30-38,,0.125806,6.775982512019602e-06
219670,finetune,ft-30-38,,0.125588,6.781347081640492e-06
219720,finetune,ft-30-38,,0.125886,6.786709335315681e-06
219770,finetune,ft-30-38,,0.126664,6.7920692658723266e-06
219820,finetune,ft-30-38,,0.126767,6.797426866140677e-06
219870,finetune,ft-30-38,,0.126843,6.802782128954133e-06
219920,finetune,ft-30-38,,0.127001,6.8081350471491895e-06
219970,finetune,ft-30-38,,0.127559,6.813485613565485e-06
220020,finetune,ft-30-38,,0.1274,6.818833821045804e-06
220070,finetune,ft-30-38,,0.127337,6.8241796624360855e-06
220129,finetune,ft-30-38,,0.125799,6.8304847022624894e-06
220179,finetune,ft-30-38,,0.123136,6.835825360794405e-06
220229,finetune,ft-30-38,,0.123839,6.841163630507464e-06
220279,finetune,ft-30-38,,0.124536,6.846499504260894e-06
220329,finetune,ft-30-38,,0.125636,6.851832974917158e-06
220379,finetune,ft-30-38,,0.125247,6.8571640353418805e-06
220429,finetune,ft-30-38,,0.125814,6.862492678403961e-06
220479,finetune,ft-30-38,,0.125584,6.867818896975502e-06
220529,finetune,ft-30-38,,0.125729,6.87314268393186e-06
220579,finetune,ft-30-38,,0.125648,6.878464032151637e-06
220629,finetune,ft-30-38,,0.125736,6.883782934516719e-06
220679,finetune,ft-30-38,,0.125588,6.889099383912235e-06
220738,finetune,ft-30-38,,0.123839,6.895369629493978e-06
220788,finetune,ft-30-38,,0.123734,6.900680706770187e-06
220838,finetune,ft-30-38,,0.124341,6.905989308473437e-06
220888,finetune,ft-30-38,,0.125189,6.911295427502664e-06
220938,finetune,ft-30-38,,0.12548,6.9165990567600816e-06
220988,finetune,ft-30-38,,0.125617,6.921900189151289e-06
221038,finetune,ft-30-38,,0.125092,6.927198817585178e-06
221088,finetune,ft-30-38,,0.12513,6.932494934974017e-06
221138,finetune,ft-30-38,,0.124538,6.937788534233425e-06
221188,finetune,ft-30-38,,0.124728,6.943079608282395e-06
221238,finetune,ft-30-38,,0.124615,6.948368150043291e-06
221288,finetune,ft-30-38,,0.124668,6.953654152441864e-06
221347,finetune,ft-30-38,,0.127154,6.9598883595043665e-06
221397,finetune,ft-30-38,,0.124942,6.965168801588747e-06
221447,finetune,ft-30-38,,0.126083,6.970446681837322e-06
221497,finetune,ft-30-38,,0.12555,6.975721993190113e-06
221547,finetune,ft-30-38,,0.125089,6.980994728590558e-06
221597,finetune,ft-30-38,,0.124848,6.986264880985577e-06
221647,finetune,ft-30-38,,0.124403,6.991532443325516e-06
221697,finetune,ft-30-38,,0.124611,6.9967974085641735e-06
221747,finetune,ft-30-38,,0.124474,7.002059769658862e-06
221797,finetune,ft-30-38,,0.124486,7.007319519570342e-06
221847,finetune,ft-30-38,,0.124533,7.01257665126289e-06
221897,finetune,ft-30-38,,0.124585,7.01783115770427e-06
221956,finetune,ft-39-42,,0.123838,7.024028089124509e-06
222006,finetune,ft-39-42,,0.124187,7.029276848160201e-06
222056,finetune,ft-39-42,,0.123631,7.034522959605633e-06
222106,finetune,ft-39-42,,0.12259,7.039766416443291e-06
222156,finetune,ft-39-42,,0.122419,7.045007211659255e-06
222206,finetune,ft-39-42,,0.122263,7.0502453382431355e-06
222256,finetune,ft-39-42,,0.12227,7.055480789188134e-06
222306,finetune,ft-39-42,,0.122034,7.060713557491019e-06
222356,finetune,ft-39-42,,0.12185,7.065943636152138e-06
222406,finetune,ft-39-42,,0.121893,7.071171018175464e-06
222456,finetune,ft-39-42,,0.121359,7.076395696568556e-06
222506,finetune,ft-39-42,,0.121316,7.0816176643425975e-06
222556,finetune,ft-39-42,,0.121295,7.086836914512389e-06
222606,finetune,ft-39-42,,0.1213,7.092053440096383e-06
222656,finetune,ft-39-42,,0.121147,7.097267234116647e-06
222706,finetune,ft-39-42,,0.121038,7.102478289598942e-06
222756,finetune,ft-39-42,,0.120983,7.107686599572664e-06
222806,finetune,ft-39-42,,0.121111,7.112892157070894e-06
222856,finetune,ft-39-42,,0.121166,7.118094955130372e-06
222906,finetune,ft-39-42,,0.121217,7.123294986791573e-06
222956,finetune,ft-39-42,,0.121165,7.128492245098629e-06
223006,finetune,ft-39-42,,0.121378,7.133686723099414e-06
223056,finetune,ft-39-42,,0.121496,7.138878413845499e-06
223106,finetune,ft-39-42,,0.121667,7.1440673103921815e-06
223156,finetune,ft-39-42,,0.12174,7.149253405798521e-06
223206,finetune,ft-39-42,,0.121697,7.154436693127293e-06
223256,finetune,ft-39-42,,0.12188,7.159617165445065e-06
223306,finetune,ft-39-42,,0.121698,7.164794815822147e-06
223356,finetune,ft-39-42,,0.121664,7.169969637332613e-06
223406,finetune,ft-39-42,,0.121578,7.1751416230543465e-06
223456,finetune,ft-39-42,,0.121531,7.180310766069008e-06
223506,finetune,ft-39-42,,0.121399,7.185477059462063e-06
223556,finetune,ft-39-42,,0.121335,7.190640496322807e-06
223606,finetune,ft-39-42,,0.121344,7.195801069744323e-06
223656,finetune,ft-39-42,,0.121234,7.200958772823555e-06
223706,finetune,ft-39-42,,0.121212,7.206113598661267e-06
223756,finetune,ft-39-42,,0.121191,7.211265540362078e-06
223806,finetune,ft-39-42,,0.121067,7.216414591034482e-06
223856,finetune,ft-39-42,,0.12105,7.221560743790795e-06
223906,finetune,ft-39-42,,0.121171,7.2267039917472605e-06
223956,finetune,ft-39-42,,0.121215,7.231844328023969e-06
224006,finetune,ft-39-42,,0.12117,7.236981745744943e-06
224056,finetune,ft-39-42,,0.121161,7.242116238038065e-06
224106,finetune,ft-39-42,,0.121218,7.247247798035169e-06
224156,finetune,ft-39-42,,0.121148,7.252376418871996e-06
224206,finetune,ft-39-42,,0.121122,7.257502093688222e-06
224256,finetune,ft-39-42,,0.121114,7.262624815627461e-06
224306,finetune,ft-39-42,,0.121107,7.267744577837251e-06
224356,finetune,ft-39-42,,0.121113,7.272861373469141e-06
224406,finetune,ft-39-42,,0.12117,7.277975195678613e-06
224456,finetune,ft-39-42,,0.121173,7.283086037625135e-06
224549,finetune,ft-39-42,,0.123459,7.292584253348686e-06
224599,finetune,ft-39-42,,0.122542,7.297686534020503e-06
224649,finetune,ft-39-42,,0.123579,7.302785808062388e-06
224699,finetune,ft-39-42,,0.124023,7.307882068653287e-06
224749,finetune,ft-39-42,,0.122959,7.312975308976145e-06
224799,finetune,ft-39-42,,0.122501,7.318065522217972e-06
224849,finetune,ft-39-42,,0.12203,7.3231527015698125e-06
224899,finetune,ft-39-42,,0.122219,7.328236840226765e-06
224949,finetune,ft-39-42,,0.122173,7.333317931388011e-06
224999,finetune,ft-39-42,,0.122093,7.3383959682568e-06
225049,finetune,ft-39-42,,0.122528,7.343470944040482e-06
225099,finetune,ft-39-42,,0.122525,7.348542851950485e-06
225149,finetune,ft-39-42,,0.122298,7.3536116852023275e-06
225199,finetune,ft-39-42,,0.12253,7.3586774370156665e-06
225249,finetune,ft-39-42,,0.12236,7.363740100614268e-06
225299,finetune,ft-39-42,,0.122363,7.368799669226037e-06
225349,finetune,ft-39-42,,0.122175,7.373856136083028e-06
225399,finetune,ft-39-42,,0.122115,7.378909494421417e-06
225449,finetune,ft-39-42,,0.122052,7.383959737481552e-06
225499,finetune,ft-39-42,,0.121876,7.389006858507946e-06
225549,finetune,ft-39-42,,0.12171,7.394050850749304e-06
225599,finetune,ft-39-42,,0.121614,7.399091707458493e-06
225649,finetune,ft-39-42,,0.121564,7.404129421892575e-06
225699,finetune,ft-39-42,,0.121553,7.409163987312844e-06
225749,finetune,ft-39-42,,0.121377,7.4141953969847714e-06
225799,finetune,ft-39-42,,0.121469,7.419223644178076e-06
225849,finetune,ft-39-42,,0.121475,7.424248722166691e-06
225899,finetune,ft-39-42,,0.121464,7.429270624228789e-06
225949,finetune,ft-39-42,,0.12142,7.4342893436467945e-06
225999,finetune,ft-39-42,,0.12126,7.4393048737074015e-06
226049,finetune,ft-39-42,,0.121141,7.444317207701554e-06
226099,finetune,ft-39-42,,0.121064,7.449326338924489e-06
226149,finetune,ft-39-42,,0.121095,7.454332260675691e-06
226199,finetune,ft-39-42,,0.121132,7.459334966258975e-06
226249,finetune,ft-39-42,,0.121076,7.4643344489824475e-06
226299,finetune,ft-39-42,,0.121073,7.469330702158522e-06
226349,finetune,ft-39-42,,0.121069,7.474323719103936e-06
226399,finetune,ft-39-42,,0.121059,7.4793134931397395e-06
226449,finetune,ft-39-42,,0.121112,7.4843000175913485e-06
226499,finetune,ft-39-42,,0.121067,7.489283285788508e-06
226549,finetune,ft-39-42,,0.121156,7.494263291065326e-06
226599,finetune,ft-39-42,,0.121261,7.499240026760269e-06
226649,finetune,ft-39-42,,0.121257,7.504213486216174e-06
226699,finetune,ft-39-42,,0.121235,7.509183662780274e-06
226749,finetune,ft-39-42,,0.121178,7.514150549804191e-06
226799,finetune,ft-39-42,,0.121164,7.519114140643929e-06
226849,finetune,ft-39-42,,0.121167,7.524074428659932e-06
226899,finetune,ft-39-42,,0.121138,7.52903140721702e-06
226949,finetune,ft-39-42,,0.121182,7.533985069684486e-06
226999,finetune,ft-39-42,,0.12118,7.538935409436022e-06
227049,finetune,ft-39-42,,0.121164,7.5438824198497856e-06
227142,finetune,ft-39-42,,0.119675,7.5530749812035136e-06
227192,finetune,ft-39-42,,0.120182,7.5580124331998235e-06
227242,finetune,ft-39-42,,0.119596,7.562946530339888e-06
227292,finetune,ft-39-42,,0.119306,7.567877266023567e-06
227342,finetune,ft-39-42,,0.118857,7.572804633655246e-06
227392,finetune,ft-39-42,,0.118979,7.577728626643815e-06
227442,finetune,ft-39-42,,0.119215,7.582649238402645e-06
227492,finetune,ft-39-42,,0.119042,7.587566462349664e-06
227542,finetune,ft-39-42,,0.119187,7.5924802919073225e-06
227592,finetune,ft-39-42,,0.119342,7.597390720502611e-06
227642,finetune,ft-39-42,,0.119515,7.6022977415670735e-06
227692,finetune,ft-39-42,,0.119706,7.6072013485367944e-06
227742,finetune,ft-39-42,,0.11965,7.612101534852435e-06
227792,finetune,ft-39-42,,0.119897,7.616998293959263e-06
227842,finetune,ft-39-42,,0.119941,7.621891619307074e-06
227892,finetune,ft-39-42,,0.12002,7.626781504350308e-06
227942,finetune,ft-39-42,,0.120278,7.631667942547969e-06
227992,finetune,ft-39-42,,0.120341,7.636550927363696e-06
228042,finetune,ft-39-42,,0.120383,7.641430452265734e-06
228092,finetune,ft-39-42,,0.120506,7.646306510726964e-06
228142,finetune,ft-39-42,,0.120562,7.651179096224894e-06
228192,finetune,ft-39-42,,0.120515,7.656048202241663e-06
228242,finetune,ft-39-42,,0.120348,7.660913822264112e-06
228292,finetune,ft-39-42,,0.12032,7.665775949783716e-06
228342,finetune,ft-39-42,,0.120576,7.670634578296622e-06
228392,finetune,ft-39-42,,0.120693,7.675489701303673e-06
228442,finetune,ft-39-42,,0.12062,7.680341312310355e-06
228492,finetune,ft-39-42,,0.120595,7.68518940482691e-06
228542,finetune,ft-39-42,,0.120634,7.690033972368248e-06
228592,finetune,ft-39-42,,0.120666,7.694875008454009e-06
228642,finetune,ft-39-42,,0.120689,7.69971250660856e-06
228692,finetune,ft-39-42,,0.1207,7.704546460361e-06
228742,finetune,ft-39-42,,0.120611,7.70937686324516e-06
228792,finetune,ft-39-42,,0.120566,7.714203708799628e-06
228842,finetune,ft-39-42,,0.120681,7.719026990567731e-06
228892,finetune,ft-39-42,,0.12065,7.723846702097612e-06
228942,finetune,ft-39-42,,0.120665,7.72866283694213e-06
228992,finetune,ft-39-42,,0.120651,7.73347538865896e-06
229042,finetune,ft-39-42,,0.120614,7.738284350810567e-06
229092,finetune,ft-39-42,,0.120578,7.743089716964222e-06
229142,finetune,ft-39-42,,0.120502,7.747891480692009e-06
229192,finetune,ft-39-42,,0.120431,7.752689635570809e-06
229242,finetune,ft-39-42,,0.120434,7.757484175182347e-06
229292,finetune,ft-39-42,,0.120376,7.762275093113199e-06
229342,finetune,ft-39-42,,0.120439,7.76706238295475e-06
229392,finetune,ft-39-42,,0.120373,7.771846038303272e-06
229442,finetune,ft-39-42,,0.120378,7.776626052759865e-06
229492,finetune,ft-39-42,,0.120539,7.781402419930531e-06
229542,finetune,ft-39-42,,0.120665,7.78617513342612e-06
229592,finetune,ft-39-42,,0.12069,7.790944186862403e-06
229642,finetune,ft-39-42,,0.120727,7.79570957386003e-06
229735,finetune,ft-39-42,,0.12091,7.804563419870551e-06
229785,finetune,ft-39-42,,0.121172,7.809318285684754e-06
229835,finetune,ft-39-42,,0.120763,7.81406946048209e-06
229885,finetune,ft-39-42,,0.121149,7.818816937907118e-06
229935,finetune,ft-39-42,,0.120296,7.823560711609353e-06
229985,finetune,ft-39-42,,0.120918,7.82830077524326e-06
230035,finetune,ft-39-42,,0.121039,7.833037122468261e-06
230085,finetune,ft-39-42,,0.121868,7.837769746948766e-06
230135,finetune,ft-39-42,,0.121932,7.842498642354145e-06
230185,finetune,ft-39-42,,0.121594,7.847223802358772e-06
230235,finetune,ft-39-42,,0.121798,7.851945220642008e-06
230285,finetune,ft-39-42,,0.121859,7.856662890888224e-06
230335,finetune,ft-39-42,,0.12169,7.8613768067868e-06
230385,finetune,ft-39-42,,0.121785,7.866086962032133e-06
230435,finetune,ft-39-42,,0.121546,7.870793350323683e-06
230485,finetune,ft-39-42,,0.121577,7.875495965365904e-06
230535,finetune,ft-39-42,,0.121636,7.880194800868335e-06
230585,finetune,ft-39-42,,0.121682,7.884889850545538e-06
230635,finetune,ft-39-42,,0.121528,7.889581108117164e-06
230685,finetune,ft-39-42,,0.121458,7.894268567307924e-06
230735,finetune,ft-39-42,,0.121169,7.898952221847611e-06
230785,finetune,ft-39-42,,0.121339,7.903632065471116e-06
230835,finetune,ft-39-42,,0.121257,7.908308091918408e-06
230885,finetune,ft-39-42,,0.121265,7.91298029493459e-06
230935,finetune,ft-39-42,,0.121238,7.917648668269849e-06
230985,finetune,ft-39-42,,0.121268,7.922313205679528e-06
231035,finetune,ft-39-42,,0.121267,7.926973900924073e-06
231085,finetune,ft-39-42,,0.12128,7.931630747769084e-06
231135,finetune,ft-39-42,,0.121309,7.936283739985297e-06
231185,finetune,ft-39-42,,0.121338,7.940932871348622e-06
231235,finetune,ft-39-42,,0.121234,7.945578135640108e-06
231285,finetune,ft-39-42,,0.121101,7.950219526646016e-06
231335,finetune,ft-39-42,,0.121189,7.954857038157755e-06
231385,finetune,ft-39-42,,0.121161,7.959490663971924e-06
231435,finetune,ft-39-42,,0.121181,7.964120397890346e-06
231485,finetune,ft-39-42,,0.121055,7.968746233720017e-06
231535,finetune,ft-39-42,,0.121167,7.973368165273165e-06
231585,finetune,ft-39-42,,0.121246,7.977986186367236e-06
231635,finetune,ft-39-42,,0.121245,7.982600290824926e-06
231685,finetune,ft-39-42,,0.121261,7.98721047247414e-06
231735,finetune,ft-39-42,,0.121202,7.991816725148048e-06
231785,finetune,ft-39-42,,0.121153,7.996419042685067e-06
231835,finetune,ft-39-42,,0.121148,8.001017418928884e-06
231885,finetune,ft-39-42,,0.121082,8.005611847728465e-06
231935,finetune,ft-39-42,,0.121128,8.010202322938039e-06
231985,finetune,ft-39-42,,0.121125,8.014788838417127e-06
232035,finetune,ft-39-42,,0.121096,8.019371388030552e-06
232085,finetune,ft-39-42,,0.121082,8.023949965648462e-06
232135,finetune,ft-39-42,,0.121079,8.028524565146285e-06
232185,finetune,ft-39-42,,0.121146,8.033095180404784e-06
232235,finetune,ft-39-42,,0.121182,8.037661805310036e-06
